y_test,y_pred_catboost,y_pred_nn,y_pred_ensemble,abs_error_catboost,abs_error_nn,abs_error_ensemble
10.0,9.999999438033381,9.951954,9.975976662986417,5.619666190170847e-07,0.048046112060546875,0.024023337013582946
10.0,9.99999969813275,9.944525,9.9722622315737,3.0186724941927423e-07,0.05547523498535156,0.02773776842630049
10.0,9.999999196534679,9.944014,9.972006396057868,8.034653209421094e-07,0.05598640441894531,0.02799360394213224
10.0,9.999999053346526,9.945031,9.972515109711594,9.466534738322707e-07,0.054968833923339844,0.02748489028840595
10.0,10.000000376706804,9.943296,9.97164840460096,3.767068044169264e-07,0.05670356750488281,0.028351595399039198
12.0,11.99999994589839,11.988901,11.994450542102026,5.410161030283689e-08,0.011098861694335938,0.005549457897974008
12.0,12.00000803919117,12.005945,12.002976622439824,8.039191170539084e-06,0.0059452056884765625,0.002976622439824439
10.0,9.99999968189635,9.94312,9.971559842321465,3.181036500876644e-07,0.05687999725341797,0.028440157678534916
10.0,9.999999156296848,9.944241,9.972119863182604,8.437031517871674e-07,0.055759429931640625,0.027880136817396206
10.0,9.999999526939181,9.944219,9.972109081249132,4.730608189618124e-07,0.05578136444091797,0.027890918750868465
12.0,12.03353607584533,11.501394,11.767465173847958,0.033536075845329805,0.49860572814941406,0.23253482615204213
10.0,9.999999889122593,9.938736,9.969367925518327,1.1087740681148262e-07,0.0612640380859375,0.030632074481673044
10.0,9.999999370100682,9.944158,9.972078485251757,6.29899318482785e-07,0.05584239959716797,0.027921514748243226
10.0,9.999999468411938,9.93915,9.96957466248966,5.315880624578995e-07,0.06085014343261719,0.03042533751034071
10.0,9.999999246550335,9.941965,9.970982174849874,7.534496653249789e-07,0.05803489685058594,0.02901782515012563
12.0,12.000000480247419,11.985376,11.992688419139823,4.802474187215466e-07,0.014623641967773438,0.007311580860177358
12.0,12.000000131603231,11.985443,11.992721623418802,1.3160323142358266e-07,0.014556884765625,0.007278376581197676
10.0,9.999999663501583,9.945257,9.972628425195616,3.364984166864815e-07,0.05474281311035156,0.027371574804384124
10.0,9.99965865541444,9.942869,9.971263920907903,0.0003413445855606767,0.05713081359863281,0.028736079092096745
10.0,9.999999326938113,9.949645,9.974822184678773,6.730618871131355e-07,0.050354957580566406,0.02517781532122676
10.0,9.99999918377167,9.944416,9.972207614957124,8.162283293700057e-07,0.055583953857421875,0.027792385042875623
10.0,10.000000202272858,9.9439945,9.971997362183792,2.0227285801865946e-07,0.05600547790527344,0.02800263781620771
10.0,10.000000132595929,9.944042,9.972021169203238,1.3259592890335625e-07,0.055957794189453125,0.02797883079676211
10.0,9.999999240465504,9.944061,9.97203025988119,7.595344957422867e-07,0.055938720703125,0.027969740118809483
10.0,9.999999825093388,9.944113,9.972056301401675,1.7490661186059242e-07,0.05588722229003906,0.027943698598324573
10.0,9.999999162976803,9.942181,9.971089898260862,8.370231974197395e-07,0.057819366455078125,0.028910101739137772
10.0,10.000000557254923,9.94147,9.97073535171706,5.572549230947743e-07,0.05852985382080078,0.02926464828293973
10.0,9.999639782608742,9.9429865,9.971313135475514,0.0003602173912575779,0.057013511657714844,0.02868686452448621
10.0,9.999999961868001,9.935873,9.967936496742105,3.813199889179941e-08,0.06412696838378906,0.032063503257894865
10.0,9.994471598293096,10.531843,10.26315739185895,0.0055284017069041624,0.5318431854248047,0.26315739185895026
12.0,11.999998910865777,12.000982,12.000490597705838,1.0891342228092071e-06,0.0009822845458984375,0.0004905977058378141
12.0,12.000000553188041,11.990528,11.995264329938747,5.531880411524526e-07,0.009471893310546875,0.004735670061252861
10.0,9.999999836391828,9.951656,9.975828088972282,1.6360817234328806e-07,0.048343658447265625,0.024171911027718096
10.0,9.999999292502842,9.941145,9.970572117870073,7.074971577480937e-07,0.05885505676269531,0.02942788212992653
12.0,12.000000539943507,12.002884,12.00144222553816,5.399435067943159e-07,0.0028839111328125,0.0014422255381596472
12.0,10.376341343998995,10.829879,10.603110075533433,1.6236586560010053,1.170121192932129,1.3968899244665671
12.0,11.991909181152126,11.598987,11.795447903411755,0.008090818847874104,0.4010133743286133,0.20455209658824458
12.0,11.999999785636772,11.989657,11.994828593837674,2.1436322761303472e-07,0.010342597961425781,0.005171406162325809
12.0,12.00000006046607,11.980301,11.990150481893192,6.046606948473254e-08,0.0196990966796875,0.00984951810680812
10.0,9.998623084034097,10.375722,10.187172507745808,0.0013769159659027252,0.37572193145751953,0.1871725077458084
10.0,10.000000224822935,9.955492,9.977746122238127,2.248229353796205e-07,0.04450798034667969,0.022253877761873042
10.0,9.999999999754516,9.944247,9.972123622771544,2.454836334209176e-10,0.05575275421142578,0.027876377228455596
10.0,9.99999938802426,9.945144,9.972571543835128,6.11975739417403e-07,0.054856300354003906,0.027428456164871662
10.0,9.999999581403548,9.942682,9.97134092381945,4.1859645172337423e-07,0.05731773376464844,0.028659076180549192
10.0,9.999999662599777,9.946995,9.973497222046959,3.374002233158535e-07,0.053005218505859375,0.026502777953041345
12.0,12.00587425554074,12.007187,12.006530572594588,0.0058742555407391706,0.0071868896484375,0.006530572594588335
10.0,9.999999561100573,9.9417,9.970849771395013,4.388994270243529e-07,0.058300018310546875,0.02915022860498695
10.0,9.99999982108971,9.945417,9.972708612632257,1.7891028925021146e-07,0.05458259582519531,0.02729138736774317
10.0,10.000046112760247,9.94969,9.974867988936275,4.611276024668598e-05,0.05031013488769531,0.0251320110637252
10.0,9.99999949704986,9.949007,9.974503265675809,5.029501402020742e-07,0.05099296569824219,0.025496734324191195
10.0,9.999999432794553,9.945231,9.97261543523883,5.672054470551302e-07,0.05476856231689453,0.027384564761170793
10.0,9.999999242004401,9.943545,9.97177229174805,7.579955987324638e-07,0.05645465850830078,0.028227708251950645
12.0,12.000000649540794,11.9958105,11.997905579134411,6.495407944839826e-07,0.004189491271972656,0.002094420865589086
10.0,9.999999151344461,9.942654,9.97132640367516,8.486555387321459e-07,0.057346343994140625,0.02867359632483968
12.0,11.999999637879942,11.997578,11.998788652558135,3.621200583836526e-07,0.002422332763671875,0.0012113474418651293
12.0,12.000004279689838,12.006144,12.003073924818064,4.2796898380714765e-06,0.0061435699462890625,0.003073924818064455
10.0,9.997966093426673,10.726801,10.362383506002887,0.002033906573327471,0.7268009185791016,0.36238350600288705
12.0,11.999999802797522,11.996412,11.9982060400096,1.9720247834698057e-07,0.0035877227783203125,0.0017939599903993297
10.0,9.999999468411938,9.939137,9.969568463606603,5.315880624578995e-07,0.06086254119873047,0.03043153639339735
10.0,9.999999529945857,9.950838,9.975418809467557,4.700541431645888e-07,0.04916191101074219,0.024581190532442676
12.0,11.999958016833304,12.005966,12.00296210167837,4.198316669601354e-05,0.0059661865234375,0.0029621016783707432
10.0,9.999999848775369,9.944471,9.972235604014148,1.5122463103978134e-07,0.05552864074707031,0.027764395985851564
12.0,12.000000295091766,11.985117,11.992558626854965,2.950917661337371e-07,0.014883041381835938,0.007441373145034902
12.0,11.999999654267913,11.983151,11.991575545059982,3.457320865152269e-07,0.01684856414794922,0.008424454940017867
10.0,9.999834784290126,9.9412,9.970517520318891,0.00016521570987393375,0.05879974365234375,0.029482479681108842
10.0,9.999999627790164,9.944542,9.972270779471254,3.722098362857196e-07,0.05545806884765625,0.027729220528746268
12.0,12.000014324033586,12.006186,12.003099927824898,1.4324033585921825e-05,0.0061855316162109375,0.0030999278248984297
12.0,12.000000935146254,11.991512,11.995756616865119,9.351462537665611e-07,0.008487701416015625,0.004243383134880929
10.0,9.999999375733761,9.942851,9.971425221161558,6.242662387023756e-07,0.05714893341064453,0.028574778838441617
12.0,12.000000480631682,11.995713,11.997856857289719,4.806316820094025e-07,0.004286766052246094,0.002143142710281154
10.0,9.999999359453936,9.95213,9.976064838570963,6.405460641900618e-07,0.04786968231201172,0.023935161429037066
10.0,9.999999446813883,9.94422,9.97210951802364,5.531861173579955e-07,0.05578041076660156,0.02789048197636035
10.0,10.00000016654694,9.943685,9.971842372244417,1.665469397948982e-07,0.05631542205810547,0.028157627755582837
10.0,9.999999669283353,9.949081,9.974540545090896,3.307166469568301e-07,0.0509185791015625,0.02545945490910384
12.0,12.000445743684452,12.008258,12.004351804795107,0.000445743684451827,0.008257865905761719,0.004351804795106773
10.0,9.999999161563364,9.949453,9.974726257722601,8.384366356750661e-07,0.05054664611816406,0.02527374227739898
10.0,10.023787224138493,10.874933,10.449360233468173,0.0237872241384931,0.8749332427978516,0.4493602334681732
10.0,9.992093577498913,9.938371,9.965232141074896,0.007906422501086752,0.061629295349121094,0.03476785892510392
10.0,9.999998854192176,9.951216,9.975607299105366,1.1458078237325253e-06,0.04878425598144531,0.024392700894633634
10.0,9.999999644260729,9.94306,9.971529782762689,3.5573927092968916e-07,0.05694007873535156,0.028470217237311246
10.0,9.999999562664188,9.940145,9.97007205077179,4.3733581200910976e-07,0.05985546112060547,0.029927949228209627
10.0,9.999999561423166,9.943254,9.971627016124181,4.385768335168905e-07,0.05674552917480469,0.028372983875819102
10.0,9.99999934498599,9.954088,9.97704377802278,6.550140092542733e-07,0.04591178894042969,0.02295622197721947
10.0,9.999992144695499,9.99292,9.996456033285249,7.855304501092064e-06,0.007080078125,0.003543966714751434
10.0,9.999999841945382,9.9444475,9.9722236796702,1.5805461828222178e-07,0.05555248260498047,0.027776320329799375
12.0,12.000250888209354,12.007494,12.003872430493837,0.00025088820935437184,0.0074939727783203125,0.003872430493837342
10.0,9.99999920087403,9.948058,9.974028664615481,7.991259707296194e-07,0.051941871643066406,0.025971335384518568
10.0,9.999999117353031,9.956863,9.978431260336672,8.826469688472116e-07,0.0431365966796875,0.021568739663328174
10.0,10.000000068750715,9.946042,9.973021064801383,6.875071534295785e-08,0.05395793914794922,0.026978935198616938
10.0,9.999999787809804,9.945101,9.972550286055782,2.1219019608054168e-07,0.05489921569824219,0.027449713944218246
10.0,10.0000000327946,9.943681,9.971840398019616,3.279460081273555e-08,0.056319236755371094,0.028159601980384252
10.0,9.999999803672605,9.943308,9.97165384012976,1.963273952299005e-07,0.05669212341308594,0.028346159870240584
10.0,9.999999147824385,9.940931,9.970465234007406,8.521756154067361e-07,0.05906867980957031,0.029534765992593748
10.0,10.000003803562848,9.944763,9.972383493578299,3.8035628477928185e-06,0.05523681640625,0.027616506421701104
10.0,9.999999486916446,9.946959,9.97347901439328,5.13083554309901e-07,0.05304145812988281,0.02652098560671945
12.0,12.05520411870217,11.244455,11.649829728113293,0.05520411870216968,0.7555446624755859,0.35017027188670724
10.0,9.99999972340258,9.946802,9.973400931342404,2.765974205232169e-07,0.05319786071777344,0.026599068657596092
12.0,12.000000256443645,11.991207,11.99560368962319,2.564436449858931e-07,0.008792877197265625,0.0043963103768103196
10.0,9.999999279123735,9.9447975,9.972398397496438,7.208762653476697e-07,0.055202484130859375,0.02760160250356236
10.0,9.999999396993436,9.94462,9.972309764719864,6.030065637929738e-07,0.05537986755371094,0.027690235280136477
12.0,12.000000130038774,11.985724,11.992862289598245,1.3003877441519762e-07,0.014275550842285156,0.0071377104017553705
10.0,9.999999606998154,9.948565,9.974282068208549,3.9300184617729883e-07,0.05143547058105469,0.02571793179145132
12.0,12.000000670144747,11.995394,11.997697211598252,6.701447468060451e-07,0.0046062469482421875,0.0023027884017476907
12.0,12.000000576012848,12.00158,12.000790407177567,5.760128480858384e-07,0.0015802383422851562,0.000790407177566621
10.0,10.000000178249902,9.943612,9.971806138471875,1.7824990194981183e-07,0.056387901306152344,0.028193861528125197
10.0,9.999999683386475,9.948912,9.974455675128297,3.1661352473122406e-07,0.05108833312988281,0.025544324871702884
10.0,9.999999885103309,9.944419,9.972209396134417,1.1489669127229263e-07,0.055581092834472656,0.027790603865582852
12.0,12.00000522022156,12.006592,12.00329850854828,5.2202215599095325e-06,0.006591796875,0.0032985085482799548
10.0,9.999992792678109,9.941372,9.970682355201358,7.207321891300467e-06,0.058628082275390625,0.02931764479864185
10.0,9.999999291304485,9.943207,9.97160303920693,7.086955147173057e-07,0.056793212890625,0.028396960793070747
10.0,9.999999569767004,9.943917,9.971958422121052,4.302329958960627e-07,0.056082725524902344,0.02804157787894823
10.0,9.997345064195544,9.947042,9.972193764702752,0.00265493580445586,0.05295753479003906,0.02780623529724835
10.0,10.000000199431138,9.94179,9.970894913253167,1.9943113827025627e-07,0.05821037292480469,0.02910508674683321
10.0,9.999999574404157,9.946662,9.973330761780936,4.255958430121609e-07,0.053338050842285156,0.026669238219064084
12.0,12.000000804514578,11.995285,11.997642919347133,8.045145776236495e-07,0.0047149658203125,0.002357080652867438
12.0,12.00000043045088,11.985578,11.992789006881935,4.3045088027326983e-07,0.014422416687011719,0.0072109931180648346
12.0,12.000001028595271,11.99931,11.999655284195097,1.0285952711797108e-06,0.000690460205078125,0.00034471580490347264
10.0,9.99999947956992,9.942066,9.971032836098438,5.204300794758865e-07,0.057933807373046875,0.028967163901562287
10.0,9.999999038549623,9.956327,9.978163238452058,9.614503770905003e-07,0.04367256164550781,0.021836761547941563
12.0,12.000000117617914,11.987954,11.993977128663694,1.1761791363085194e-07,0.012045860290527344,0.006022871336305968
10.0,9.999999439919126,9.943991,9.971995073658293,5.600808741235141e-07,0.05600929260253906,0.028004926341706593
12.0,11.999999705008145,11.991707,11.995853276576337,2.9499185494330504e-07,0.00829315185546875,0.004146723423662735
10.0,9.999999386260498,9.942438,9.971218755935425,6.137395018868119e-07,0.05756187438964844,0.028781244064575162
10.0,9.9999997468637,9.944908,9.972453944476772,2.5313629947731897e-07,0.05509185791015625,0.027546055523227864
10.0,10.000000183501914,9.943762,9.971881004531719,1.835019141083194e-07,0.05623817443847656,0.028118995468281227
10.0,9.999999730986708,9.953449,9.976724490127143,2.690132916427501e-07,0.046550750732421875,0.02327550987285676
12.0,12.000000458334853,11.996626,11.998313179301704,4.5833485273760743e-07,0.0033740997314453125,0.0016868206982962874
12.0,12.0000006468582,12.000489,12.000244940891259,6.468582007812529e-07,0.0004892349243164062,0.00024494089125859375
10.0,9.999999284032405,9.949427,9.974712967516691,7.159675945445088e-07,0.05057334899902344,0.02528703248330899
10.0,10.00000003980779,9.943666,9.971833248968837,3.9807790841450696e-08,0.05633354187011719,0.028166751031163173
12.0,12.001889258128825,12.008198,12.005043521276328,0.001889258128825233,0.008197784423828125,0.005043521276327567
10.0,9.999999626909567,9.944552,9.972276024239696,3.7309043321442914e-07,0.05544757843017578,0.027723975760304498
12.0,12.000000351995702,11.997971,11.998985466525195,3.519957019193498e-07,0.0020294189453125,0.0010145334748052903
10.0,9.99999895517291,9.943224,9.97161145420999,1.0448270906238122e-06,0.05677604675292969,0.028388545790010156
12.0,11.999998985004012,12.00234,12.001169650888237,1.014995987702605e-06,0.0023403167724609375,0.0011696508882366174
12.0,11.998559414015691,12.007522,12.003040521674594,0.0014405859843087399,0.007521629333496094,0.003040521674593677
12.0,12.000000736074977,11.995058,11.99752939788368,7.360749769702579e-07,0.0049419403076171875,0.0024706021163201086
10.0,9.999999637938126,9.939892,9.969945726561836,3.62061873815378e-07,0.060108184814453125,0.03005427343816436
10.0,10.000000188499063,9.944978,9.972488974407003,1.8849906346929401e-07,0.055022239685058594,0.027511025592996674
10.0,9.99999966324642,9.945948,9.972973655170573,3.367535796883203e-07,0.05405235290527344,0.027026344829426563
12.0,11.999999989724191,12.002052,12.001026148426549,1.027580864843003e-08,0.00205230712890625,0.0010261484265488008
10.0,10.0000001042643,9.947527,9.973763518013499,1.0426430030463507e-07,0.05247306823730469,0.026236481986501303
12.0,12.000000850444708,11.996863,11.998432107809023,8.504447084334288e-07,0.0031366348266601562,0.0015678921909767496
10.0,9.999999628433534,9.942944,9.971471600715791,3.715664664838414e-07,0.057056427001953125,0.028528399284208916
10.0,9.999998800979764,9.943545,9.971772071235732,1.1990202359868363e-06,0.05645465850830078,0.028227928764268384
10.0,10.040529150520031,11.049513,10.545021006839605,0.040529150520031365,1.0495128631591797,0.5450210068396046
12.0,12.000000737288577,11.9977455,11.998873125602296,7.372885768575088e-07,0.002254486083984375,0.0011268743977037587
10.0,9.999999519269581,9.946956,9.973477600058374,4.807304190279638e-07,0.05304431915283203,0.026522399941626418
10.0,9.99999998695912,9.932328,9.966164105570623,1.3040880375569941e-08,0.0676717758178711,0.03383589442937662
10.0,9.999999404178615,9.943963,9.971981227510451,5.958213851187111e-07,0.056036949157714844,0.028018772489549093
12.0,11.85391496373378,10.07872,10.966317528253608,0.1460850362662196,1.9212799072265625,1.033682471746392
10.0,10.000000081724282,9.938353,9.969176333281574,8.172428245245555e-08,0.06164741516113281,0.030823666718426068
12.0,11.999999984733087,11.99296,11.996479980464688,1.5266913067080168e-08,0.0070400238037109375,0.0035200195353120023
10.0,9.999999555236064,9.9500065,9.975003020110709,4.447639359028699e-07,0.04999351501464844,0.024996979889291282
12.0,12.000000046764784,12.0001745,12.000087284582342,4.6764784045194574e-08,0.00017452239990234375,8.72845823423063e-05
10.0,9.999999582908856,9.944002,9.972000867199057,4.1709114384502755e-07,0.05599784851074219,0.027999132800943016
10.0,9.999999345857983,9.944284,9.972141892472449,6.541420169980938e-07,0.05571556091308594,0.027858107527551468
12.0,11.988591194125991,11.805022,11.896806716905525,0.01140880587400872,0.1949777603149414,0.10319328309447506
10.0,9.99963936555612,9.944325,9.97198240631932,0.0003606344438793485,0.05567455291748047,0.02801759368067991
10.0,9.999999995276976,9.937223,9.96861171486261,4.72302374987521e-09,0.06277656555175781,0.03138828513739078
10.0,10.000005410542933,9.94349,9.97174771946214,5.410542932793305e-06,0.056509971618652344,0.028252280537859775
10.0,10.000035598266455,9.945331,9.972683109039234,3.5598266455494354e-05,0.05466938018798828,0.027316890960765505
12.0,12.000033092470602,12.002117,12.001075124726512,3.3092470602014146e-05,0.002117156982421875,0.0010751247265119446
10.0,9.999999922490215,9.944336,9.972167929995107,7.750978525677965e-08,0.0556640625,0.02783207000489263
10.0,10.000000184428561,9.943608,9.971804234212572,1.8442856131173357e-07,0.05639171600341797,0.02819576578742833
10.0,9.999999781515134,9.946004,9.973001847697265,2.1848486575493098e-07,0.05399608612060547,0.026998152302734724
10.0,10.00087362828629,10.330883,10.165878327204668,0.0008736282862891187,0.3308830261230469,0.165878327204668
10.0,9.999453023539619,10.351414,10.17543337517313,0.0005469764603809324,0.3514137268066406,0.17543337517312985
10.0,10.000005279443165,9.943979,9.971992271374415,5.27944316530693e-06,0.05602073669433594,0.028007728625585315
10.0,9.999999646392201,9.943967,9.971983255965876,3.536077990418107e-07,0.05603313446044922,0.02801674403412413
10.0,9.999999496981864,9.94216,9.971079574845913,5.030181355891727e-07,0.05784034729003906,0.028920425154087326
10.0,10.09149212567412,9.953548,10.022520278535303,0.09149212567412057,0.046451568603515625,0.022520278535303362
12.0,11.947613756501823,11.195238,11.571425934952572,0.052386243498176555,0.8047618865966797,0.4285740650474281
10.0,9.999999352817314,9.944442,9.972220574083217,6.471826861087493e-07,0.055558204650878906,0.027779425916783396
10.0,9.999992862280683,9.94344,9.97171664979879,7.137719316929747e-06,0.05655956268310547,0.02828335020121031
12.0,11.999999995141659,11.995438,11.997718808605985,4.858341284830203e-09,0.0045623779296875,0.0022811913940152806
10.0,9.999999469177386,9.948444,9.974221917816232,5.308226143085903e-07,0.051555633544921875,0.025778082183768092
10.0,9.999999715798982,9.944697,9.97234854793245,2.842010182746435e-07,0.05530261993408203,0.027651452067550153
10.0,9.986170261567526,10.487571,10.236870512100902,0.013829738432473704,0.48757076263427734,0.23687051210090182
10.0,10.00008105308982,9.938533,9.969306941187245,8.105308982031545e-05,0.06146717071533203,0.03069305881275497
10.0,9.999999828960965,9.943644,9.971821699453628,1.7103903537929455e-07,0.05635643005371094,0.02817830054637227
10.0,9.999999892068955,9.948206,9.974102919972466,1.0793104543438403e-07,0.05179405212402344,0.025897080027533548
10.0,9.999999200925359,9.942274,9.971136647276644,7.990746411223881e-07,0.05772590637207031,0.028863352723355717
12.0,11.999664314954554,12.007645,12.003654484137433,0.0003356850454458993,0.0076446533203125,0.0036544841374333004
10.0,10.000007499624392,9.939699,9.969853336299012,7.499624391726911e-06,0.06030082702636719,0.03014666370098773
12.0,12.000000800098078,11.999067,11.999534053308317,8.000980784572675e-07,0.0009326934814453125,0.0004659466916834276
12.0,11.999999859099487,12.004503,12.00225155461078,1.4090051259074698e-07,0.0045032501220703125,0.002251554610779749
10.0,9.999999915970314,9.943594,9.971796947426075,8.402968632026386e-08,0.05640602111816406,0.02820305257392519
10.0,9.999999294420267,9.9485655,9.974282388756764,7.055797333066494e-07,0.05143451690673828,0.025717611243235794
10.0,9.999999197170858,9.947958,9.973978594862285,8.028291418327171e-07,0.05204200744628906,0.026021405137715448
10.0,9.999999947841578,9.94819,9.974094841627089,5.2158421581793846e-08,0.051810264587402344,0.025905158372911075
10.0,9.999999999155644,9.943815,9.971907615239443,8.443556964721211e-10,0.05618476867675781,0.028092384760556754
12.0,12.000000533584249,11.992813,11.996406821967906,5.33584248785246e-07,0.0071868896484375,0.0035931780320943574
10.0,9.999999738304174,9.941419,9.970709193035145,2.6169582589830043e-07,0.05858135223388672,0.02929080696485542
12.0,12.000000276952305,11.985176,11.992588181689044,2.7695230464530596e-07,0.01482391357421875,0.007411818310956164
10.0,9.999999624534713,9.939986,9.969992926738792,3.754652873055875e-07,0.060013771057128906,0.030007073261208106
12.0,12.000000133541588,12.004792,12.002396173490766,1.3354158845402253e-07,0.004792213439941406,0.0023961734907658183
10.0,9.999999911525377,9.944004,9.972001985181635,8.84746231832878e-08,0.055995941162109375,0.02799801481836539
10.0,9.999999455230649,9.953464,9.976731504806487,5.447693514071261e-07,0.04653644561767578,0.023268495193512706
10.0,9.999999963155396,9.941639,9.9708194548443,3.6844603812369314e-08,0.058361053466796875,0.029180545155700344
12.0,12.000011584872189,12.003843,12.001927446183654,1.1584872188663553e-05,0.0038433074951171875,0.0019274461836538137
10.0,9.99999856291001,9.9493885,9.974693533469164,1.437089990119489e-06,0.05061149597167969,0.02530646653083579
10.0,10.000058445694977,9.944423,9.972240583778884,5.844569497703844e-05,0.05557727813720703,0.027759416221115885
12.0,11.999999798668526,11.999409,11.999704260296177,2.0133147415890562e-07,0.000591278076171875,0.00029573970382301695
12.0,12.000000515590623,12.004866,12.002433080976463,5.15590622640616e-07,0.0048656463623046875,0.002433080976462776
10.0,9.999999626201632,9.943775,9.971887401601792,3.73798368258349e-07,0.056224822998046875,0.028112598398207567
10.0,10.000031784937036,9.932341,9.96618620344264,3.178493703615004e-05,0.06765937805175781,0.03381379655736083
12.0,11.999999909239898,11.994329,11.997164680877273,9.076010165642856e-08,0.0056705474853515625,0.0028353191227274976
12.0,12.000000193523006,11.994763,11.99738178392581,1.935230056204773e-07,0.005236625671386719,0.002618216074189661
10.0,9.9999998151211,9.943101,9.971550372190677,1.8487889974494465e-07,0.056899070739746094,0.02844962780932292
10.0,9.999999767830005,9.940104,9.970051649356897,2.321699952290146e-07,0.05989646911621094,0.029948350643103083
10.0,9.999999618861684,9.944719,9.97235946671844,3.8113831557495814e-07,0.05528068542480469,0.027640533281559243
10.0,9.999999423968234,9.94364,9.971819589608629,5.76031766286178e-07,0.05636024475097656,0.028180410391371424
12.0,12.006939892409344,11.853101,11.930020334540853,0.006939892409343784,0.14689922332763672,0.06997966545914736
10.0,9.999999492497915,9.938436,9.969217523501154,5.075020848011036e-07,0.06156444549560547,0.030782476498846023
10.0,9.999999269780616,9.942459,9.971229188112964,7.302193836267179e-07,0.0575408935546875,0.028770811887035563
10.0,9.99999946665285,9.952067,9.976033420917979,5.333471495561071e-07,0.04793262481689453,0.023966579082021156
10.0,10.00000023269148,9.942897,9.971448537824012,2.3269148030635733e-07,0.05710315704345703,0.028551462175988362
10.0,9.999999787108422,9.94281,9.971404922851086,2.12891578144081e-07,0.05718994140625,0.028595077148914072
10.0,9.999848620068185,9.942146,9.970997460668858,0.000151379931814688,0.05785369873046875,0.02900253933114172
12.0,12.000000573863222,11.994865,11.997432995671845,5.738632218310613e-07,0.00513458251953125,0.0025670043281547095
10.0,9.999998647878105,9.942373,9.97118596181747,1.3521218953371772e-06,0.05762672424316406,0.0288140381825297
10.0,9.999998965557388,9.958101,9.979050119070198,1.034442611569375e-06,0.04189872741699219,0.02094988092980188
10.0,9.999998827894617,9.94346,9.971729646186077,1.172105383417943e-06,0.05653953552246094,0.028270353813923066
10.0,10.000195101365543,9.946693,9.973444260887849,0.00019510136554323765,0.05330657958984375,0.026555739112151144
10.0,9.999999344326067,9.948942,9.974470764387155,6.556739329255379e-07,0.05105781555175781,0.02552923561284537
10.0,10.00000042990439,9.944204,9.972102380174363,4.2990438942069886e-07,0.05579566955566406,0.02789761982563732
10.0,9.999999943241383,9.941771,9.970885248415126,5.6758617361651886e-08,0.05822944641113281,0.0291147515848742
12.0,12.000741338237088,11.658747,11.82974402879872,0.0007413382370877741,0.34125328063964844,0.17025597120128033
10.0,9.99999948873039,9.947841,9.97392008967159,5.112696097597791e-07,0.05215930938720703,0.026079910328409284
10.0,9.99926216617969,10.139109,10.069185412008302,0.0007378338203096746,0.13910865783691406,0.0691854120083022
10.0,9.999999637769575,9.945373,9.972686109625755,3.6223042521044135e-07,0.054627418518066406,0.02731389037424492
10.0,9.999999700598787,9.9436035,9.971801608111893,2.9940121315519264e-07,0.056396484375,0.028198391888107466
10.0,9.999999427770996,9.944159,9.972078990924071,5.722290037368793e-07,0.05584144592285156,0.027921009075928538
10.0,9.999999680790063,9.949242,9.974620659486828,3.1920993670553344e-07,0.05075836181640625,0.025379340513172366
10.0,10.000000070289145,9.944663,9.972331559039837,7.028914517093199e-08,0.055336952209472656,0.027668440960162854
10.0,10.000139751872055,10.194113,10.097126264791008,0.0001397518720551716,0.19411277770996094,0.09712626479100805
10.0,10.000021017647612,9.934669,9.9673447793011,2.1017647611643042e-05,0.06533145904541016,0.03265522069889926
10.0,9.99999977431206,9.951396,9.975697881388207,2.256879394479938e-07,0.04860401153564453,0.024302118611792878
10.0,10.000000211137081,9.943718,9.971859083840025,2.111370811519464e-07,0.05628204345703125,0.02814091615997505
10.0,9.999999529961185,9.945206,9.972602609218875,4.7003881498142164e-07,0.0547943115234375,0.027397390781125353
12.0,11.988540186503226,11.475843,11.732191808034328,0.011459813496774274,0.5241565704345703,0.2678081919656723
12.0,11.999843254546674,12.007102,12.003472633590476,0.00015674545332622358,0.007102012634277344,0.0034726335904764483
10.0,10.000000076141918,9.944533,9.972266712112706,7.614191765981104e-08,0.055466651916503906,0.02773328788729401
12.0,11.999999705586559,11.978171,11.989085527079169,2.944134411819732e-07,0.021828651428222656,0.010914472920831031
12.0,12.000000016878603,11.986807,11.993403443192719,1.6878603403824854e-08,0.013193130493164062,0.0065965568072812175
10.0,9.999087583547144,10.372477,10.185782080652967,0.0009124164528557799,0.37247657775878906,0.18578208065296664
10.0,9.99999901103339,9.959058,9.979528409477876,9.88966609938302e-07,0.04094219207763672,0.020471590522124217
12.0,12.00001537839093,12.004201,12.00210815687735,1.5378390930465002e-05,0.004200935363769531,0.002108156877349998
10.0,9.997331491994531,9.945885,9.971608098292187,0.002668508005468695,0.05411529541015625,0.02839190170781336
12.0,12.000000440304708,11.987851,11.993925791594005,4.40304708249073e-07,0.012148857116699219,0.006074208405994597
10.0,9.999999095716626,9.941715,9.97085716809757,9.042833735151135e-07,0.058284759521484375,0.029142831902429833
10.0,9.999999871733595,9.942217,9.971108372451269,1.2826640549690183e-07,0.05778312683105469,0.02889162754873098
10.0,9.999999872866864,9.938982,9.96949094137728,1.271331360186423e-07,0.06101799011230469,0.030509058622719465
12.0,11.999999956921366,11.978875,11.989437558569325,4.3078633993332005e-08,0.021124839782714844,0.010562441430675307
10.0,10.000000355168945,9.943266,9.971633135042968,3.551689449210471e-07,0.05673408508300781,0.028366864957032334
10.0,9.999999664257121,9.944496,9.972247909521139,3.357428788319794e-07,0.05550384521484375,0.02775209047886129
12.0,12.000000319232804,11.995489,11.997744719858101,3.1923280374712704e-07,0.0045108795166015625,0.0022552801418989077
10.0,9.999999733206556,9.943964,9.97198186886158,2.667934442257547e-07,0.05603599548339844,0.028018131138420443
10.0,9.999999349276504,9.947613,9.973806055863838,6.50723496420369e-07,0.052387237548828125,0.026193944136162273
12.0,12.000001219208235,11.999804,11.999902381149528,1.219208234815028e-06,0.0001964569091796875,9.761885047154806e-05
10.0,9.999999355369484,9.943278,9.971638834026294,6.44630516077882e-07,0.05672168731689453,0.028361165973706193
12.0,12.005614933652328,11.715017,11.860316126188957,0.005614933652328347,0.28498268127441406,0.13968387381104286
10.0,9.999999519145065,9.943634,9.971816776174094,4.808549345369784e-07,0.056365966796875,0.028183223825905657
10.0,9.999999437389617,9.948716,9.974357800512436,5.626103831701812e-07,0.051283836364746094,0.025642199487563744
12.0,12.00000078309372,11.99923,11.999615583960189,7.830937196473542e-07,0.0007696151733398438,0.0003844160398109864
10.0,9.999999550575827,9.943411,9.971705211994458,4.4942417254389966e-07,0.05658912658691406,0.028294788005542415
12.0,12.000000576056868,11.979234,11.989617158908562,5.760568679846756e-07,0.020766258239746094,0.010382841091438166
12.0,12.000000220843381,11.988607,11.994303813729797,2.2084338091588052e-07,0.011392593383789062,0.005696186270203185
10.0,9.999999209811445,9.947584,9.973791681016563,7.901885545891218e-07,0.05241584777832031,0.02620831898343745
10.0,9.99999958222178,9.944635,9.972317486728567,4.1777821913058233e-07,0.05536460876464844,0.027682513271432896
12.0,12.00000049544181,11.994989,11.997494945291706,4.954418102443015e-07,0.0050106048583984375,0.0025050547082940966
12.0,12.014308813935374,11.209224,11.611766280594395,0.014308813935373976,0.790776252746582,0.3882337194056049
10.0,10.00000022229074,9.943047,9.97152339605748,2.2229074048141229e-07,0.05695343017578125,0.028476603942520384
10.0,9.999999442007782,9.944342,9.972170550776841,5.579922177645358e-07,0.05565834045410156,0.027829449223158775
12.0,12.000000133218768,11.987127,11.993563718647959,1.3321876757288464e-07,0.012872695922851562,0.006436281352041107
10.0,9.99999985640067,9.945581,9.972790646278948,1.4359932976049095e-07,0.05441856384277344,0.0272093537210516
10.0,9.999998727885208,9.947364,9.973681290669898,1.2721147921723741e-06,0.052636146545410156,0.026318709330102052
10.0,9.999842596722686,9.941785,9.97081372771315,0.0001574032773135059,0.05821514129638672,0.029186272286850112
10.0,9.999999899040425,9.94543,9.972714850490672,1.0095957492239904e-07,0.05457019805908203,0.027285149509328477
12.0,12.00000038239875,11.983406,11.991703224646642,3.8239875088663666e-07,0.01659393310546875,0.008296775353358044
12.0,12.000000936847583,11.996977,11.998488894632288,9.368475826221356e-07,0.0030231475830078125,0.001511105367711707
12.0,12.000000404900874,11.995342,11.997671329769773,4.0490087371836125e-07,0.004657745361328125,0.0023286702302272033
10.0,9.999999973772935,9.943865,9.971932398080316,2.6227064964245983e-08,0.05613517761230469,0.028067601919683938
10.0,10.000000251216017,9.947842,9.973920947751562,2.5121601687772e-07,0.052158355712890625,0.026079052248437762
12.0,12.000176888683423,12.006813,12.003494968999915,0.00017688868342347064,0.00681304931640625,0.0034949689999148603
12.0,12.000000172379549,11.985357,11.992678728462725,1.7237954885729323e-07,0.014642715454101562,0.007321271537275464
12.0,12.000325018626754,11.940823,11.970573809972556,0.0003250186267536037,0.059177398681640625,0.02942619002744351
10.0,9.999998944091548,9.944291,9.972145029449338,1.0559084522299145e-06,0.055708885192871094,0.027854970550661662
10.0,9.999636645995992,9.944024,9.971830365997263,0.00036335400400844264,0.055975914001464844,0.028169634002736643
12.0,11.999999537074775,11.979177,11.98958850602518,4.629252252641436e-07,0.020822525024414062,0.010411493974819663
12.0,12.000010739895371,12.0053005,12.00265563087298,1.0739895371258967e-05,0.0053005218505859375,0.0026556308729794864
10.0,9.999999544023389,9.948611,9.974305401741919,4.5597661113561117e-07,0.05138874053955078,0.02569459825808096
10.0,9.999999938137199,9.952046,9.976023166242673,6.186280110398457e-08,0.04795360565185547,0.023976833757327398
12.0,12.000000182836551,11.992138,11.996069045886049,1.828365512324126e-07,0.007862091064453125,0.003930954113950946
10.0,10.000000194100675,9.943027,9.971513368382125,1.9410067508829343e-07,0.05697345733642578,0.028486631617875346
10.0,9.999999387607621,9.955318,9.977658919267679,6.123923785850138e-07,0.044681549072265625,0.022341080732321217
12.0,11.999999692202717,11.990054,11.995026911378458,3.0779728277252616e-07,0.009945869445800781,0.004973088621541777
10.0,9.999999231140208,9.952539,9.976269337554967,7.688597918331652e-07,0.04746055603027344,0.023730662445032635
10.0,10.000000164172382,9.940479,9.970239721368419,1.6417238235533205e-07,0.059520721435546875,0.02976027863158137
12.0,12.00000016811981,11.990673,11.99533661665268,1.6811980962927464e-07,0.009326934814453125,0.00466338334732086
10.0,9.99999948657078,9.942841,9.971420031371327,5.134292191399936e-07,0.057159423828125,0.028579968628672958
12.0,11.999999608084423,11.984159,11.992079538844457,3.91915577324653e-07,0.015840530395507812,0.007920461155542569
12.0,12.000000325896096,11.992427,11.996213599074757,3.258960958874013e-07,0.007573127746582031,0.003786400925243072
10.0,9.999999700718742,9.943436,9.971717684832027,2.992812575541848e-07,0.0565643310546875,0.028282315167972527
10.0,9.999999824681822,9.955109,9.977554233629974,1.753181777530699e-07,0.044891357421875,0.022445766370026377
10.0,9.999999764042812,9.950468,9.975233913698652,2.3595718801061594e-07,0.04953193664550781,0.02476608630134791
10.0,9.99999982319278,9.945214,9.972607047369095,1.768072195318382e-07,0.054785728454589844,0.027392952630904688
12.0,12.000000292170474,11.992897,11.996448662930941,2.92170474480713e-07,0.00710296630859375,0.0035513370690587465
12.0,11.999999973802396,11.985214,11.992607103600417,2.619760408606453e-08,0.0147857666015625,0.007392896399583293
10.0,10.000000100595189,9.953619,9.976809551945543,1.0059518906757603e-07,0.04638099670410156,0.023190448054457136
12.0,11.99999970488349,11.9961405,11.998070092462497,2.9511651078450996e-07,0.0038595199584960938,0.0019299075375034391
10.0,9.999467636085697,9.940715,9.970091236103151,0.0005323639143028913,0.05928516387939453,0.02990876389684871
10.0,10.000006846230082,9.938472,9.96923932017925,6.846230082402371e-06,0.06152820587158203,0.030760679820749814
12.0,12.000000138225648,11.997037,11.998518536062287,1.382256478166255e-07,0.0029630661010742188,0.001481463937713201
12.0,12.010304030761036,11.24564,11.627971915893212,0.010304030761036032,0.7543601989746094,0.37202808410678756
10.0,9.99999929221307,9.945091,9.972545269885831,7.077869295102346e-07,0.05490875244140625,0.02745473011416877
12.0,12.000000172416863,11.984063,11.992031660457698,1.7241686300906167e-07,0.015936851501464844,0.007968339542301806
10.0,9.999999446316336,9.945095,9.972547254286098,5.536836642505705e-07,0.054904937744140625,0.02745274571390155
10.0,9.999999394204783,9.942703,9.971351320637549,6.057952166571567e-07,0.0572967529296875,0.02864867936245119
10.0,10.000000092182615,9.94471,9.972354935007324,9.218261531884764e-08,0.05529022216796875,0.027645064992675827
10.0,9.99999928735155,9.950823,9.975411058775872,7.126484504738073e-07,0.04917716979980469,0.02458894122412758
10.0,9.999999715717319,9.939741,9.969870425180437,2.842826809512644e-07,0.06025886535644531,0.030129574819563132
10.0,10.000002428234682,9.943801,9.971901677221588,2.4282346817727785e-06,0.056199073791503906,0.028098322778411955
12.0,12.000000532566343,11.994111,11.997055796831267,5.325663430255645e-07,0.005888938903808594,0.002944203168732784
10.0,9.999999158525673,9.944109,9.972054060769185,8.414743266627056e-07,0.05589103698730469,0.027945939230814787
12.0,12.000000603848376,11.999199,11.999599758711298,6.038483757464519e-07,0.00080108642578125,0.0004002412887018636
10.0,9.999999362824724,9.942962,9.971480527817391,6.371752760969684e-07,0.057038307189941406,0.02851947218260875
10.0,10.000000207036948,9.947765,9.973882778689372,2.0703694758594793e-07,0.052234649658203125,0.02611722131062777
12.0,12.000000328677379,11.972675,11.986337826081854,3.286773786470576e-07,0.027324676513671875,0.013662173918145726
10.0,9.999999822634328,9.944539,9.972269446381862,1.773656723713657e-07,0.05546092987060547,0.027730553618138032
10.0,9.999999439708755,9.942625,9.971312242742561,5.602912445112906e-07,0.05737495422363281,0.028687757257438662
10.0,10.000217930739941,10.249687,10.124952562782081,0.00021793073994125223,0.24968719482421875,0.12495256278208089
10.0,9.999999890861819,9.94846,9.97422975805298,1.0913818115909635e-07,0.051540374755859375,0.025770241947020267
10.0,9.99999939731164,9.948776,9.974387821214414,6.026883596632615e-07,0.0512237548828125,0.02561217878558608
10.0,9.99999925295136,9.943498,9.97174845536362,7.470486398375442e-07,0.056502342224121094,0.028251544636379577
10.0,10.00000009688332,9.943237,9.97161870078541,9.688331914503578e-08,0.0567626953125,0.028381299214590427
10.0,9.999999349089256,9.94247,9.971234472976025,6.50910743971167e-07,0.05753040313720703,0.028765527023974613
10.0,10.032648574363328,9.94471,9.98867917609768,0.032648574363328464,0.05529022216796875,0.011320823902320143
10.0,10.000001310167216,9.941457,9.970729052452992,1.310167215606839e-06,0.05854320526123047,0.02927094754700832
10.0,9.99999940998239,9.95512,9.977559748326156,5.900176098805332e-07,0.044879913330078125,0.022440251673844003
12.0,11.904026022757128,12.008951,11.95648860494546,0.09597397724287227,0.008951187133789062,0.043511395054540714
10.0,9.9994475559268,9.942381,9.970914230539083,0.00055244407320032,0.05761909484863281,0.029085769460916566
10.0,9.999999847891713,9.943022,9.971510811091854,1.5210828685496836e-07,0.05697822570800781,0.028489188908146446
10.0,9.999999486296447,9.943331,9.971665125533477,5.137035525848432e-07,0.05666923522949219,0.028334874466523274
10.0,9.999999319898155,9.943077,9.97153820365025,6.801018450630636e-07,0.05692291259765625,0.028461796349750657
10.0,9.999994240864945,9.941339,9.97066638999424,5.759135055072306e-06,0.058661460876464844,0.029333610005760846
10.0,9.999999923540194,9.941712,9.97085615149788,7.645980559800591e-08,0.058287620544433594,0.029143848502119596
10.0,9.999999758630139,9.943449,9.97172438950794,2.413698609871062e-07,0.05655097961425781,0.0282756104920594
10.0,9.999999575002896,9.958332,9.979165818385237,4.2499710417587266e-07,0.041667938232421875,0.020834181614763025
12.0,12.000000711638897,11.988589,11.994294999221548,7.116388971439847e-07,0.011410713195800781,0.005705000778451819
12.0,11.988818163417921,12.006321,11.997569558393531,0.01118183658207883,0.006320953369140625,0.0024304416064691026
10.0,9.99999987484916,9.945324,9.972661909470478,1.2515084080177985e-07,0.054676055908203125,0.027338090529521963
10.0,9.999998687585151,9.948269,9.974133788983005,1.3124148487975162e-06,0.051731109619140625,0.02586621101699471
10.0,9.999999518367307,9.939535,9.969767329679259,4.816326928391845e-07,0.06046485900878906,0.03023267032074095
10.0,9.999999643815247,9.939667,9.969833195931061,3.561847528033013e-07,0.060333251953125,0.0301668040689389
10.0,9.995375282612528,10.755189,10.375282112284047,0.004624717387471833,0.7551889419555664,0.3752821122840473
10.0,9.999999507925308,9.942314,9.971156827937264,4.920746921044383e-07,0.05768585205078125,0.02884317206273579
10.0,9.999999291052205,9.944955,9.972477081591776,7.089477946919942e-07,0.055045127868652344,0.027522918408223518
10.0,9.999999730534443,9.957561,9.978780134890023,2.6946555742313194e-07,0.04243946075439453,0.021219865109976865
10.0,9.99999937337834,9.94298,9.971489593000205,6.266216594497109e-07,0.05702018737792969,0.02851040699979457
10.0,10.000000039783444,9.943624,9.971811791284544,3.9783444094609877e-08,0.05637645721435547,0.028188208715455687
10.0,9.999999961359768,9.943544,9.971772174588576,3.864023234712022e-08,0.05645561218261719,0.02822782541142388
10.0,10.000000132584281,9.957939,9.978969640266751,1.325842813315603e-07,0.04206085205078125,0.02103035973324907
10.0,9.999999417806228,9.939975,9.969987101328652,5.821937723027304e-07,0.06002521514892578,0.030012898671348154
10.0,9.999999428376546,9.956104,9.9780518534705,5.716234543484688e-07,0.043895721435546875,0.021948146529499724
12.0,12.00000014202279,12.002724,12.001361917935224,1.420227899728843e-07,0.00272369384765625,0.0013619179352239996
12.0,11.999930047761755,12.007892,12.003910851365008,6.995223824546315e-05,0.007891654968261719,0.003910851365008128
10.0,9.999999794074466,9.944308,9.972154037509645,2.0592553440224037e-07,0.05569171905517578,0.027845962490355092
10.0,9.999998790807915,9.94974,9.974869600329495,1.2091920851275972e-06,0.05025959014892578,0.025130399670505454
10.0,9.999999699558682,9.944012,9.972005693895552,3.0044131804629615e-07,0.055988311767578125,0.027994306104448086
12.0,12.000000321811788,11.99661,11.998305004808483,3.2181178788448506e-07,0.0033903121948242188,0.001694995191517279
12.0,11.99999934739879,12.004553,12.002276094292657,6.526012104046686e-07,0.0045528411865234375,0.0022760942926574046
10.0,9.999999450887092,9.941568,9.97078391276044,5.491129080326118e-07,0.05843162536621094,0.029216087239559485
10.0,9.999999289145823,9.933168,9.966583850200353,7.108541772993249e-07,0.06683158874511719,0.03341614979964724
10.0,10.000000047020478,9.941625,9.970812344219468,4.7020478177728364e-08,0.05837535858154297,0.029187655780532396
12.0,11.999995692908694,11.9987335,11.999364606708253,4.307091305832955e-06,0.0012664794921875,0.0006353932917466665
10.0,9.999999132364339,9.952429,9.97621397505668,8.676356610948233e-07,0.04757118225097656,0.023786024943319717
10.0,9.999999625722245,9.943148,9.971573642512002,3.742777554549548e-07,0.05685234069824219,0.028426357487997933
10.0,9.999999353767446,9.945082,9.972540532291438,6.462325536915614e-07,0.05491828918457031,0.027459467708562002
10.0,9.999999235738537,9.96096,9.980479811961064,7.642614630043454e-07,0.03903961181640625,0.019520188038935515
12.0,12.000000532142789,11.986827,11.993413714405134,5.321427885007779e-07,0.013173103332519531,0.006586285594865515
10.0,9.999999519248366,9.946161,9.973080394694984,4.807516340576967e-07,0.05383872985839844,0.026919605305016248
10.0,9.999999404610145,9.949346,9.974672496647113,5.953898547517156e-07,0.05065441131591797,0.02532750335288725
12.0,12.00000060703782,12.001596,12.000798528921742,6.070378191225245e-07,0.0015964508056640625,0.0007985289217415925
12.0,11.999918792545067,12.006023,12.002971099763744,8.120745493300774e-05,0.006023406982421875,0.0029710997637444336
10.0,9.999999661696785,9.954764,9.977382013923343,3.383032147752374e-07,0.045235633850097656,0.022617986076657104
10.0,10.00000025370599,9.950249,9.975124485983855,2.537059895502125e-07,0.04975128173828125,0.02487551401614496
10.0,9.999999668571077,9.944677,9.972338510738176,3.3142892341686547e-07,0.05532264709472656,0.0276614892618241
10.0,9.999999261330451,9.943693,9.971846211170597,7.386695486388817e-07,0.05630683898925781,0.028153788829403226
10.0,10.000000216212861,9.943612,9.971806157453354,2.1621286094841707e-07,0.056387901306152344,0.028193842546645698
10.0,9.999999251196703,9.951904,9.975951774035853,7.488032967017944e-07,0.048095703125,0.024048225964147463
12.0,12.000000298375571,11.992121,11.996060520586711,2.983755713614755e-07,0.007879257202148438,0.003939479413288538
10.0,9.999999495120068,9.94428,9.9721395829177,5.048799316398345e-07,0.05572032928466797,0.027860417082299804
10.0,10.000000038666371,9.944267,9.972133655807795,3.866637143801199e-08,0.05573272705078125,0.027866344192204906
12.0,12.004840861003927,11.656926,11.83088350804713,0.0048408610039274436,0.34307384490966797,0.16911649195287026
10.0,9.999999373481279,9.957497,9.978748008273843,6.265187213472245e-07,0.04250335693359375,0.02125199172615666
10.0,9.999999700125981,9.948803,9.974401324062015,2.9987401894970844e-07,0.051197052001953125,0.02559867593798515
10.0,9.999999333056875,9.933509,9.966754103021358,6.669431247274815e-07,0.06649112701416016,0.033245896978641554
10.0,9.99999972397546,9.944771,9.97238526848187,2.760245401134398e-07,0.05522918701171875,0.02761473151812943
10.0,10.000000389994025,9.946263,9.97313185164374,3.8999402462991384e-07,0.05373668670654297,0.02686814835625917
10.0,9.999999350446352,9.943045,9.971522006460969,6.495536482020725e-07,0.05695533752441406,0.028477993539031132
10.0,9.999999257270053,9.944372,9.97218571719704,7.427299468787396e-07,0.05562782287597656,0.027814282802960832
10.0,9.99999934762697,9.942647,9.971323163956306,6.523730302632202e-07,0.05735301971435547,0.028676836043693754
10.0,9.999999641841468,9.944288,9.972143947812825,3.5815853216547566e-07,0.05571174621582031,0.02785605218717535
10.0,10.000001048930393,9.942076,9.971038389150255,1.0489303932104121e-06,0.05792427062988281,0.0289616108497448
12.0,11.999999401591538,12.002907,12.001453100453972,5.984084623378294e-07,0.00290679931640625,0.001453100453971956
12.0,12.000000149188105,11.990763,11.995381429879696,1.4918810542496885e-07,0.009237289428710938,0.0046185701203036444
10.0,9.999999624373535,9.943016,9.971507838309815,3.7562646504341046e-07,0.05698394775390625,0.02849216169018476
12.0,12.000000202973204,11.987969,11.99398480073587,2.029732044661614e-07,0.012030601501464844,0.006015199264130189
10.0,9.970853342169029,10.403704,10.187278515872112,0.029146657830970923,0.4037036895751953,0.1872785158721122
12.0,12.009676787805088,11.727274,11.868475364422563,0.009676787805087628,0.27272605895996094,0.13152463557743665
12.0,12.000000364873515,11.975181,11.987590495394521,3.6487351451341965e-07,0.024819374084472656,0.012409504605479071
12.0,11.999935786015246,12.005071,12.00250323617779,6.421398475353612e-05,0.005070686340332031,0.0025032361777892476
10.0,9.999999425659599,9.943667,9.971833418731899,5.743404010161157e-07,0.05633258819580078,0.0281665812681009
10.0,9.999999621042845,9.9459305,9.972965050999939,3.78957155433568e-07,0.05406951904296875,0.027034949000061204
12.0,11.999999811281835,11.985135,11.992567444856006,1.8871816465093616e-07,0.014864921569824219,0.007432555143994435
10.0,9.999999678708791,9.943508,9.971753913451074,3.212912087491304e-07,0.056491851806640625,0.028246086548925575
12.0,12.000000171732774,12.00122,12.000609960591728,1.7173277377935392e-07,0.0012197494506835938,0.0006099605917277984
10.0,9.999999966128799,9.944715,9.972357256166205,3.387120095510454e-08,0.05528545379638672,0.027642743833794725
10.0,9.999999951013736,9.943662,9.971830820386018,4.898626393412542e-08,0.05633831024169922,0.028169179613982465
10.0,10.000000028063733,9.942349,9.971174730981328,2.806373267105755e-08,0.05765056610107422,0.028825269018671662
12.0,12.000000499502514,11.980938,11.990469228633092,4.995025140175358e-07,0.019062042236328125,0.009530771366907942
12.0,12.000000664653953,11.979673,11.989837025137035,6.646539532084716e-07,0.020326614379882812,0.010162974862964802
10.0,9.999999450466523,9.943005,9.971502029310411,5.495334765015514e-07,0.056995391845703125,0.028497970689588925
10.0,9.999999560220157,9.951234,9.975616712025362,4.3977984276466486e-07,0.048766136169433594,0.02438328797463818
10.0,9.999999778923609,9.953041,9.976520427791883,2.2107639097157517e-07,0.04695892333984375,0.02347957220811736
12.0,12.000019639575212,12.005608,12.002813622277841,1.9639575212337945e-05,0.00560760498046875,0.002813622277841432
10.0,9.99999933907874,9.950379,9.975189355360904,6.6092126083106e-07,0.049620628356933594,0.024810644639096324
10.0,9.99999989415171,9.944526,9.972262806420337,1.0584829013282615e-07,0.055474281311035156,0.027737193579662645
10.0,9.999999488052199,9.946968,9.973483783332739,5.1194780148478e-07,0.05303192138671875,0.026516216667261006
12.0,12.00675881651676,11.698168,11.852463308710039,0.00675881651675958,0.3018321990966797,0.14753669128996094
10.0,9.99999924797589,9.945386,9.972692590449126,7.520241105396508e-07,0.05461406707763672,0.02730740955087363
10.0,9.999999755639635,9.951172,9.975585815319818,2.443603648316639e-07,0.048828125,0.024414184680182416
10.0,10.128998630327096,10.834702,10.481850084206517,0.12899863032709646,0.8347015380859375,0.481850084206517
12.0,12.00000013900588,11.991388,11.995694229964366,1.3900588058390895e-07,0.008611679077148438,0.004305770035633927
10.0,9.999999248355236,9.944319,9.972159009858771,7.516447642075264e-07,0.05568122863769531,0.027840990141228872
10.0,9.984573025846405,9.946314,9.965443441939316,0.015426974153594841,0.05368614196777344,0.03455655806068414
12.0,12.000000164612091,11.975476,11.987738214782851,1.6461209106921615e-07,0.02452373504638672,0.012261785217148713
10.0,9.999999318682463,9.944838,9.972418444436446,6.813175374986713e-07,0.05516242980957031,0.027581555563553906
10.0,9.999999508222901,9.947798,9.973898641745727,4.917770990431336e-07,0.05220222473144531,0.026101358254273066
12.0,12.000000479625879,11.989873,11.99493670602998,4.796258785688678e-07,0.010127067565917969,0.0050632939700197
12.0,11.999998651409417,12.003151,12.001574795675412,1.3485905832055778e-06,0.00315093994140625,0.0015747956754115222
10.0,9.999999410840266,9.947802,9.973900500403044,5.891597343321564e-07,0.05219841003417969,0.02609949959695612
10.0,9.999999433280703,9.94258,9.9712898281821,5.667192972680368e-07,0.057419776916503906,0.028710171817900587
10.0,10.00003563142325,9.947178,9.973606759193071,3.563142325013757e-05,0.052822113037109375,0.02639324080692873
10.0,9.999999418973596,9.937855,9.968927092909649,5.810264038785817e-07,0.062145233154296875,0.031072907090351265
10.0,9.999999720071777,9.950822,9.975410798298828,2.799282228238553e-07,0.049178123474121094,0.02458920170117196
10.0,9.999999886371198,9.948262,9.974131050515922,1.1362880236731598e-07,0.05173778533935547,0.02586894948407803
12.0,11.999999826873191,11.980756,11.990377816421216,1.7312680888892373e-07,0.01924419403076172,0.009622183578784416
10.0,9.999999594722954,9.945775,9.972887313383206,4.052770457008137e-07,0.05422496795654297,0.027112686616794335
10.0,9.999999916723706,9.9422245,9.971112209643591,8.327629430482375e-08,0.05777549743652344,0.02888779035640887
12.0,11.999999612051864,12.003096,12.00154761944146,3.8794813583820087e-07,0.0030956268310546875,0.0015476194414603128
10.0,9.999999412723392,9.942341,9.971170131776734,5.872766077885672e-07,0.057659149169921875,0.02882986822326572
10.0,9.999999574233987,9.94047,9.970234658027639,4.2576601266830494e-07,0.05953025817871094,0.029765341972360915
10.0,10.000000110475732,9.944936,9.972467954560376,1.1047573167388691e-07,0.05506420135498047,0.027532045439624397
10.0,9.999998820989438,9.9352,9.967599279269134,1.1790105620690383e-06,0.06480026245117188,0.032400720730866084
12.0,11.98558761740784,11.907167,11.94637752605011,0.01441238259216071,0.09283256530761719,0.05362247394988984
10.0,9.999999424538506,9.955158,9.977578829090543,5.754614935682412e-07,0.044841766357421875,0.022421170909456833
10.0,9.99999998385036,9.942928,9.971464149029671,1.6149639847640174e-08,0.057071685791015625,0.028535850970328624
12.0,12.000000298533026,11.980397,11.990198761479647,2.985330258553631e-07,0.01960277557373047,0.009801238520353195
12.0,11.99999996799847,11.99434,11.9971699554653,3.2001530314573756e-08,0.005660057067871094,0.002830044534700704
10.0,9.999999337675863,9.951287,9.975643303634074,6.623241368686195e-07,0.048712730407714844,0.024356696365925856
10.0,9.999999396366514,9.948624,9.974311526796537,6.03633486306876e-07,0.0513763427734375,0.02568847320346279
12.0,12.000027597907147,12.005786,12.002906769992393,2.759790714712551e-05,0.005785942077636719,0.0029067699923928103
10.0,9.99750929941576,9.946812,9.972160487720576,0.0024907005842393914,0.053188323974609375,0.027839512279424383
10.0,9.999999572461016,9.943038,9.971518779608193,4.275389837715693e-07,0.056962013244628906,0.028481220391807227
10.0,10.000000113870554,9.945311,9.972655353260961,1.1387055387501732e-07,0.05468940734863281,0.02734464673903858
10.0,9.999999155842419,9.943283,9.971641118448552,8.441575811701796e-07,0.0567169189453125,0.028358881551447723
10.0,9.999999521217354,9.9397335,9.969866513233189,4.787826455299182e-07,0.06026649475097656,0.030133486766811046
10.0,9.99999963242078,9.941729,9.970864112169863,3.675792203949868e-07,0.05827140808105469,0.029135887830136653
10.0,10.000000367923601,9.943523,9.971761887453011,3.679236009190845e-07,0.056476593017578125,0.028238112546988603
10.0,10.000139936842745,9.942249,9.971194617469223,0.0001399368427446035,0.057750701904296875,0.028805382530777024
10.0,9.99999983722204,9.945297,9.97264853921649,1.6277795999997124e-07,0.0547027587890625,0.027351460783510362
12.0,12.000000520807262,11.979456,11.98972823434162,5.208072622053805e-07,0.020544052124023438,0.010271765658380616
10.0,9.999998686573324,9.940205,9.970101653467326,1.3134266758640933e-06,0.059795379638671875,0.02989834653267387
10.0,9.999999860230274,9.949522,9.974760939331446,1.3976972645934893e-07,0.05047798156738281,0.025239060668553748
12.0,11.999999851442645,11.993617,11.996808454621469,1.4855735486207777e-07,0.006382942199707031,0.0031915453785309467
12.0,12.0000001815766,12.003632,12.001815886686739,1.8157660086615124e-07,0.003631591796875,0.0018158866867388213
10.0,9.999999899700715,9.943862,9.97193093053273,1.0029928532162558e-07,0.056138038635253906,0.028069069467269614
12.0,12.000000621347677,12.006202,12.003101182713634,6.213476773098137e-07,0.006201744079589844,0.0031011827136335768
12.0,11.999999555305354,11.992107,11.996053473331388,4.446946455516354e-07,0.007892608642578125,0.003946526668611838
10.0,9.999999007004998,9.940083,9.970040778526913,9.929950017806277e-07,0.059917449951171875,0.029959221473086828
12.0,12.0000001518706,11.9895735,11.994786815284666,1.5187059965171557e-07,0.010426521301269531,0.005213184715334052
12.0,12.00000012757537,12.004887,12.002443377386317,1.2757537071195202e-07,0.004886627197265625,0.0024433773863172803
12.0,12.001101645252788,11.356823,11.678962306391043,0.0011016452527883303,0.6431770324707031,0.3210376936089574
10.0,10.000000058391334,9.943481,9.971740751851918,5.8391334434304554e-08,0.0565185546875,0.028259248148081895
12.0,12.00000052239597,11.99399,11.99699523342699,5.223959700373371e-07,0.0060100555419921875,0.003004766573010187
12.0,12.001695541864148,11.638931,11.820313408139105,0.001695541864147998,0.3610687255859375,0.17968659186089475
10.0,9.999999819035386,9.943186,9.971592812654901,1.8096461396055474e-07,0.05681419372558594,0.02840718734509906
12.0,12.00000016400733,11.990834,11.995417200076176,1.6400733038324233e-07,0.009165763854980469,0.004582799923824155
10.0,9.993861610939248,9.934641,9.964251247669331,0.006138389060751592,0.06535911560058594,0.035748752330668765
10.0,10.000000268990224,9.942957,9.97147859671435,2.6899022387283367e-07,0.05704307556152344,0.028521403285649782
12.0,12.000000590755297,11.997262,11.998631295896448,5.907552971251562e-07,0.0027379989624023438,0.0013687041035517211
12.0,12.000000233514534,11.985912,11.99295627825629,2.3351453393161137e-07,0.014087677001953125,0.007043721743709597
10.0,10.000000109081494,9.947798,9.973898942175024,1.0908149405963741e-07,0.05220222473144531,0.026101057824975626
12.0,12.000000386927622,11.993126,11.996563151227484,3.869276223866791e-07,0.00687408447265625,0.0034368487725160435
12.0,12.000001236197917,11.998208,11.999104641078695,1.2361979173647342e-06,0.0017919540405273438,0.0008953589213049895
10.0,9.999999854264253,9.9435215,9.971760676949021,1.4573574702581027e-07,0.05647850036621094,0.02823932305097898
10.0,9.999999081439052,9.95055,9.975274580392377,9.185609481932033e-07,0.049449920654296875,0.024725419607623422
10.0,9.999999674084112,9.943491,9.971745328069888,3.259158880553059e-07,0.05650901794433594,0.028254671930111996
10.0,10.00003686955351,9.945694,9.972865419640037,3.686955350978849e-05,0.0543060302734375,0.027134580359962968
12.0,12.00000011124559,11.987354,11.993677194905022,1.1124559051722827e-07,0.012645721435546875,0.006322805094978179
10.0,9.999999565583362,9.948368,9.974183819046564,4.344166377734382e-07,0.051631927490234375,0.025816180953436074
12.0,12.000000146489372,11.993101,11.996550633242244,1.4648937174399634e-07,0.0068988800048828125,0.0034493667577564224
10.0,9.999999506449235,9.944195,9.972097150075204,4.935507647019222e-07,0.055805206298828125,0.027902849924796413
10.0,9.999999411304477,9.943539,9.971769038537982,5.886955225520296e-07,0.056461334228515625,0.0282309614620182
12.0,12.000000392981168,11.983141,11.991570669207869,3.9298116760733137e-07,0.016859054565429688,0.00842933079213104
10.0,9.999999797835532,9.941658,9.970828908927531,2.0216446827703294e-07,0.05834197998046875,0.029171091072468514
10.0,9.999999827665428,9.943417,9.971708211562206,1.7233457150211962e-07,0.056583404541015625,0.028291788437794452
10.0,9.99944667928707,9.939912,9.96967926081663,0.0005533207129300166,0.060088157653808594,0.030320739183370193
10.0,10.000048360072908,9.949224,9.974636416059404,4.83600729079825e-05,0.05077552795410156,0.025363583940595902
10.0,10.000005474629809,9.942968,9.971486921580041,5.474629809043563e-06,0.05703163146972656,0.02851307841995876
12.0,12.000000042015321,12.004682,12.00234081461728,4.201532100012173e-08,0.004681587219238281,0.002340814617280529
10.0,10.000088566005738,9.945674,9.972881254285827,8.856600573814433e-05,0.05432605743408203,0.02711874571417283
12.0,12.00000037206587,12.005596,12.00279826647727,3.7206586966931354e-07,0.005596160888671875,0.002798266477270772
12.0,11.99962866003795,12.006126,12.002877531923271,0.00037133996205085396,0.00612640380859375,0.002877531923271448
10.0,10.000000075035684,9.942667,9.971333541240988,7.503568433264718e-08,0.05733299255371094,0.028666458759012414
10.0,9.99999945897385,9.936644,9.968321529718859,5.410261501026525e-07,0.06335639953613281,0.03167847028114146
12.0,12.000000506761399,11.994739,11.997369542778893,5.067613990661357e-07,0.005261421203613281,0.0026304572211071076
10.0,9.99999905392483,9.943453,9.97172594450392,9.460751702050629e-07,0.05654716491699219,0.028274055496080308
10.0,9.999999972145988,9.944767,9.9723834852185,2.785401242988428e-08,0.055233001708984375,0.02761651478149929
10.0,9.999999909613301,9.954958,9.977478935824717,9.038669901428875e-08,0.04504203796386719,0.0225210641752831
12.0,11.999671039239717,12.004654,12.002162484951889,0.00032896076028343657,0.0046539306640625,0.0021624849518886435
10.0,10.000000104435246,9.942406,9.971202902559419,1.0443524622871792e-07,0.05759429931640625,0.0287970974405809
12.0,12.000000101504632,12.005502,12.00275092431799,1.0150463225500062e-07,0.005501747131347656,0.0027509243179899556
12.0,12.000000161618749,11.992935,11.996467671141406,1.616187486064291e-07,0.0070648193359375,0.0035323288585935586
12.0,12.000000485510924,11.994328,11.99716401533847,4.855109239088051e-07,0.005672454833984375,0.002835984661530233
12.0,11.999999924620653,11.981022,11.990510902862084,7.537934720858175e-08,0.018978118896484375,0.009489097137915792
10.0,10.000000109279249,9.951211,9.97560554246311,1.0927924876114048e-07,0.048789024353027344,0.02439445753688929
12.0,11.999999999909258,12.004652,12.002326011612343,9.0741636427083e-11,0.0046520233154296875,0.0023260116123431374
10.0,9.999999422720245,9.941944,9.970971772517348,5.772797546654829e-07,0.058055877685546875,0.02902822748265166
10.0,9.999999023628755,9.941217,9.970608223057052,9.763712451871243e-07,0.05878257751464844,0.0293917769429477
10.0,9.999999414679168,9.94235,9.971174901126204,5.853208318029601e-07,0.05764961242675781,0.028825098873795696
10.0,9.99999951888415,9.9433155,9.971657512432799,4.811158493822631e-07,0.05668449401855469,0.028342487567201147
10.0,9.999999986085955,9.951999,9.975999348359139,1.3914045027263455e-08,0.04800128936767578,0.024000651640861292
10.0,9.999999295863322,9.941679,9.970839148358907,7.041366778537395e-07,0.05832099914550781,0.029160851641092833
10.0,9.999999566479495,9.94282,9.971409580908205,4.3352050482781124e-07,0.05718040466308594,0.028590419091795383
10.0,9.99999917049037,9.944663,9.972331109140448,8.295096307620042e-07,0.055336952209472656,0.02766889085955171
10.0,9.999999566344833,9.943273,9.97163607849102,4.336551668870925e-07,0.05672740936279297,0.028363921508979928
10.0,9.999999237915535,9.943988,9.971993542145023,7.6208446486703e-07,0.05601215362548828,0.028006457854976574
12.0,12.002988513508267,12.008954,12.005971280832503,0.002988513508267232,0.008954048156738281,0.005971280832502757
12.0,12.000000384142638,12.0043955,12.002197934533477,3.841426376993695e-07,0.004395484924316406,0.002197934533477053
12.0,12.000000080613804,11.977474,11.988737146630143,8.061380363244552e-08,0.022525787353515625,0.011262853369856884
10.0,9.999999346807838,9.945401,9.972700269259633,6.531921616925729e-07,0.05459880828857422,0.027299730740367067
10.0,10.000000239064562,9.943051,9.971525788630181,2.3906456192435144e-07,0.05694866180419922,0.028474211369818647
12.0,12.06350580528202,11.368855,11.716180640830707,0.06350580528201988,0.6311445236206055,0.2838193591692928
10.0,9.99999987544298,9.9544325,9.977216181465387,1.245570206975799e-07,0.04556751251220703,0.022783818534612976
12.0,12.000000553325124,11.986553,11.993276872731897,5.533251243861059e-07,0.013446807861328125,0.006723127268102758
10.0,9.999999642422472,9.94388,9.971939861799616,3.57577528475872e-07,0.05611991882324219,0.028060138200384444
10.0,9.99999995348804,9.943534,9.971766925443971,4.6511960505313255e-08,0.056466102600097656,0.02823307455602908
10.0,9.999912847657228,9.942409,9.971160704681886,8.71523427719012e-05,0.05759143829345703,0.028839295318114466
10.0,9.999999326905797,9.951131,9.975565096955096,6.730942025967579e-07,0.04886913299560547,0.024434903044904033
10.0,10.000000083268274,9.947927,9.97396377912193,8.326827405369386e-08,0.05207252502441406,0.026036220878069116
10.0,9.99999963283968,9.943703,9.971851165296794,3.6716031992511944e-07,0.05629730224609375,0.02814883470320595
10.0,10.000170191443571,9.950528,9.97534916814,0.00017019144357099947,0.04947185516357422,0.02465083186000072
10.0,9.999999558362719,10.852732,10.426365631537315,4.4163728141199954e-07,0.8527317047119141,0.42636563153731544
12.0,11.988275384007657,10.970207,11.479241299181563,0.011724615992342535,1.0297927856445312,0.5207587008184369
10.0,9.999999713342278,9.945802,9.972900724133297,2.866577215598909e-07,0.054198265075683594,0.027099275866703465
10.0,9.999999837710249,9.943099,9.971549429810935,1.62289751415301e-07,0.056900978088378906,0.02845057018906516
10.0,10.001993534759626,10.394916,10.19845455775457,0.0019935347596256037,0.3949155807495117,0.19845455775456955
12.0,11.999205444435775,12.007205,12.003205226948111,0.0007945555642248081,0.007205009460449219,0.003205226948111317
10.0,9.999999403319535,9.943476,9.971737563293068,5.96680465037025e-07,0.05652427673339844,0.028262436706931737
12.0,11.955987275807791,11.978271,11.967128903254238,0.04401272419220881,0.021729469299316406,0.03287109674576172
10.0,9.999999527901775,9.944222,9.972110989079061,4.720982254013961e-07,0.055777549743652344,0.027889010920938873
10.0,9.999998975219315,9.959188,9.979593718261512,1.0247806851992891e-06,0.04081153869628906,0.02040628173848802
10.0,10.000026967757274,9.944763,9.97239507567551,2.696775727351053e-05,0.05523681640625,0.027604924324489133
12.0,11.999999884895956,12.00309,12.001544894840556,1.1510404362979898e-07,0.00308990478515625,0.00154489484055631
10.0,9.999998908339435,9.949273,9.974636008887735,1.0916605646116295e-06,0.050726890563964844,0.025363991112264728
12.0,11.999999905688696,11.986704,11.99335188918468,9.431130365555873e-08,0.013296127319335938,0.0066481108153197965
10.0,9.999999813885632,9.947853,9.973926451132268,1.861143683612454e-07,0.05214691162109375,0.026073548867731944
12.0,11.999999638557185,11.985822,11.992910681247587,3.6144281523320387e-07,0.014178276062011719,0.007089318752413476
12.0,12.000000489294305,11.990593,11.995296722918637,4.892943046286291e-07,0.00940704345703125,0.004703277081363311
12.0,12.000000509728709,11.9940605,11.997030513043065,5.097287090194413e-07,0.005939483642578125,0.002969486956935441
10.0,9.999999747055433,9.947562,9.973780982383918,2.5294456662550147e-07,0.052437782287597656,0.02621901761608214
12.0,12.000000198188728,11.985148,11.992574314029667,1.9818872765142714e-07,0.014851570129394531,0.007425685970332552
10.0,10.000000586839034,9.941518,9.970759208367028,5.86839034255604e-07,0.05848217010498047,0.02924079163297222
10.0,10.000000072053483,9.942507,9.971253431107307,7.205348317995686e-08,0.05749320983886719,0.028746568892692892
10.0,9.99999966089694,9.943187,9.971593210422835,3.3910306029838466e-07,0.05681324005126953,0.028406789577164915
10.0,9.999999684386959,9.95155,9.975774607208127,3.1561304147942337e-07,0.048450469970703125,0.02422539279187319
12.0,11.99999940881371,11.997,11.998499574707148,5.911862892560293e-07,0.0030002593994140625,0.0015004252928516593
12.0,12.000000314878713,11.985362,11.992681183898096,3.148787133255837e-07,0.014637947082519531,0.007318816101903991
10.0,9.99999939256295,9.948402,9.974200898674052,6.074370499931092e-07,0.05159759521484375,0.02579910132594776
12.0,11.999999973755285,11.9890995,11.994549738159382,2.6244714845802264e-08,0.010900497436523438,0.0054502618406182535
12.0,11.999999598398466,11.997538,11.998768605656753,4.016015342500623e-07,0.0024623870849609375,0.0012313943432467056
10.0,9.999999401674886,9.944343,9.97217100744755,5.983251138985679e-07,0.055657386779785156,0.027828992552450416
10.0,10.000000352038645,9.947108,9.97355431038822,3.520386453459423e-07,0.05289173126220703,0.026445689611779954
12.0,12.000001775440827,12.004269,12.002135210840532,1.7754408272452338e-06,0.004268646240234375,0.0021352108405316983
10.0,10.0000000045081,9.945149,9.972574713099998,4.508100559519335e-09,0.05485057830810547,0.027425286900001566
10.0,9.999999518522479,9.943512,9.971755740706552,4.814775209638356e-07,0.056488037109375,0.028244259293447982
10.0,9.999999127991607,9.943291,9.971644919220413,8.720083926050393e-07,0.05670928955078125,0.028355080779586928
10.0,9.999999807407955,9.942146,9.971073054338742,1.9259204542265707e-07,0.05785369873046875,0.028926945661257975
10.0,9.999999653284101,9.943938,9.971968954297079,3.4671589865808983e-07,0.056061744689941406,0.02803104570292092
12.0,12.000000432415078,11.9997015,11.999850966177021,4.3241507796665246e-07,0.00029850006103515625,0.0001490338229785948
10.0,9.999999359600059,9.945631,9.97281519341087,6.403999410764527e-07,0.05436897277832031,0.027184806589129806
10.0,9.999999440982634,10.028334,10.014166552461532,5.590173657310515e-07,0.028333663940429688,0.014166552461531978
12.0,11.999999618320096,11.99929,11.999645042314345,3.8167990368265237e-07,0.00070953369140625,0.0003549576856549663
10.0,9.999999734122978,9.943266,9.971632824519986,2.658770217323081e-07,0.05673408508300781,0.028367175480013884
12.0,12.000000377722488,11.98501,11.992505262408606,3.777224879542018e-07,0.014989852905273438,0.00749473759139363
12.0,11.988943141588013,11.351627,11.670285245720764,0.01105685841198678,0.6483726501464844,0.3297147542792356
12.0,10.275335698249297,10.834147,10.554741575778701,1.7246643017507033,1.1658525466918945,1.445258424221299
12.0,12.000000070069845,11.990372,11.995185887085704,7.006984503732383e-08,0.0096282958984375,0.004814112914296231
10.0,10.000000065084738,9.953003,9.976501497386119,6.508473759936351e-08,0.0469970703125,0.0234985026138812
10.0,9.999999810789282,9.943504,9.971752072142689,1.8921071820443558e-07,0.05649566650390625,0.02824792785731134
12.0,12.000000070579455,12.004627,12.002313649181328,7.057945516919517e-08,0.004627227783203125,0.002313649181328259
10.0,9.999999360573911,9.9423485,9.97117392039926,6.394260889663883e-07,0.057651519775390625,0.028826079600740684
12.0,11.999999932682456,12.003885,12.001942600923748,6.731754353950237e-08,0.0038852691650390625,0.0019426009237477615
10.0,9.999999179802284,9.950812,9.9754057597925,8.201977159671969e-07,0.049187660217285156,0.02459424020750056
12.0,12.000023517283779,11.999104,11.999563531713179,2.351728377902873e-05,0.000896453857421875,0.00043646828682142313
10.0,10.000000063231637,9.942963,9.971481354858007,6.323163681543065e-08,0.057037353515625,0.028518645141993204
12.0,11.989299500180428,12.007067,11.9981831134325,0.010700499819572329,0.0070667266845703125,0.00181688656750012
12.0,12.00031884060487,12.007875,12.004097141554876,0.0003188406048693082,0.007875442504882812,0.00409714155487606
12.0,12.010523056356968,12.0089035,12.009713279887468,0.010523056356968041,0.00890350341796875,0.009713279887467507
10.0,10.000000033483921,9.939584,9.969791905932635,3.348392141333534e-08,0.060416221618652344,0.030208094067365465
12.0,12.00000028182549,11.983078,11.991539142377588,2.818254891678862e-07,0.0169219970703125,0.008460857622411666
10.0,10.152030892716503,10.7813015,10.466666195564795,0.15203089271650327,0.7813014984130859,0.4666661955647946
12.0,12.000000265797187,11.999319,11.999659671167636,2.6579718692687493e-07,0.0006809234619140625,0.0003403288323635678
12.0,11.99999997353055,11.990857,11.995428548929581,2.6469450631338987e-08,0.009142875671386719,0.004571451070418675
12.0,12.000020674925011,12.004192,12.002106513609966,2.067492501112156e-05,0.004192352294921875,0.0021065136099664983
10.0,9.99999906560638,9.949247,9.974623212917937,9.343936202554914e-07,0.05075263977050781,0.025376787082063146
10.0,10.01405022691658,10.119345,10.066697469110146,0.014050226916580755,0.11934471130371094,0.06669746911014585
10.0,9.999999424436975,9.944158,9.972078512419904,5.755630247961108e-07,0.05584239959716797,0.027921487580096382
10.0,10.000000047157423,9.945982,9.97299101326377,4.715742285554825e-08,0.05401802062988281,0.027008986736230867
10.0,9.99999931422068,9.950739,9.975369110540516,6.857793195536033e-07,0.04926109313964844,0.024630889459483996
10.0,9.99999935614371,9.946001,9.973000204500078,6.438562891730726e-07,0.05399894714355469,0.02699979549992193
10.0,10.00000000081816,9.942326,9.971162796429589,8.181597621614856e-10,0.057674407958984375,0.028837203570411418
12.0,11.99999986369377,11.973352,11.986676147972373,1.363062303028073e-07,0.026647567749023438,0.01332385202762687
10.0,9.999999236658397,9.949129,9.974564170636327,7.633416032604146e-07,0.05087089538574219,0.025435829363672724
10.0,9.999999554707363,9.944722,9.972360865152755,4.4529263654169426e-07,0.05527782440185547,0.027639134847245117
10.0,10.0000002103052,9.945374,9.972686872730726,2.103052008095574e-07,0.05462646484375,0.027313127269273707
10.0,9.999999783093829,9.945118,9.97255886676664,2.1690617124647815e-07,0.054882049560546875,0.02744113323335995
12.0,12.00000079326419,12.005167,12.00258390035524,7.932641903352078e-07,0.0051670074462890625,0.002583900355240587
12.0,12.000000290512169,11.997319,11.998659756004376,2.9051216898778875e-07,0.0026807785034179688,0.0013402439956244905
10.0,9.99999998656688,9.944709,9.972354405362298,1.343311950563475e-08,0.055291175842285156,0.02764559463770233
10.0,9.999999532094732,9.946701,9.97335029094971,4.679052683087548e-07,0.0532989501953125,0.026649709050289516
10.0,9.99999926643044,9.944352,9.97217570819691,7.335695606514037e-07,0.055647850036621094,0.027824291803090873
12.0,11.999999813142125,12.001446,12.000722791702898,1.8685787495087425e-07,0.001445770263671875,0.0007227917028984621
12.0,12.000000166101803,11.996012,11.998005950055296,1.661018025345129e-07,0.0039882659912109375,0.0019940499447042015
10.0,9.999999681934728,9.944685,9.972342332117266,3.1806527189814915e-07,0.05531501770019531,0.027657667882733605
12.0,12.000000849406629,11.9926,11.996300645192816,8.494066285891222e-07,0.007399559020996094,0.0036993548071837523
10.0,9.999999200946046,9.945647,9.972823220315552,7.990539536706365e-07,0.054352760314941406,0.02717677968444754
12.0,12.000010421531929,12.006138,12.00307413471616,1.042153192898354e-05,0.006137847900390625,0.0030741347161598043
12.0,10.162232984790583,10.981532,10.571882540826689,1.8377670152094172,1.018467903137207,1.4281174591733112
12.0,12.000000726923725,11.9952965,11.997648602597604,7.269237247697902e-07,0.004703521728515625,0.002351397402396316
10.0,9.999999147875942,9.959884,9.979941418878155,8.521240584258294e-07,0.040116310119628906,0.020058581121844554
10.0,9.999999753815615,9.942734,9.971366759232026,2.4618438487777894e-07,0.0572662353515625,0.02863324076797369
10.0,9.999999706602825,9.939176,9.969587656188375,2.9339717499965445e-07,0.06082439422607422,0.03041234381162461
10.0,9.999999137442087,9.942308,9.971153781672704,8.625579130949745e-07,0.05769157409667969,0.028846218327295503
10.0,9.999999595832863,10.020423,10.01021126565935,4.041671370913491e-07,0.020422935485839844,0.010211265659350488
10.0,9.999995171558137,9.947025,9.973510235315201,4.828441863224953e-06,0.052974700927734375,0.0264897646847988
10.0,9.999999612598316,9.945254,9.972626969232508,3.8740168406548037e-07,0.05474567413330078,0.027373030767492423
10.0,9.999999971639776,9.942932,9.971466050273012,2.8360224391121847e-08,0.05706787109375,0.028533949726988084
12.0,12.000000288003807,11.99757,11.998785162922802,2.8800380746929477e-07,0.002429962158203125,0.0012148370771978279
12.0,11.999999256607223,12.000784,12.000391588447656,7.433927766697934e-07,0.0007839202880859375,0.00039158844765552203
10.0,9.999999799251688,9.950435,9.975217242002554,2.0074831219574207e-07,0.04956531524658203,0.024782757997446225
12.0,11.996374667015141,11.885931,11.941152841014894,0.0036253329848587867,0.11406898498535156,0.05884715898510606
10.0,9.999999930456484,9.953874,9.97693678239743,6.954351583488005e-08,0.046126365661621094,0.023063217602569352
10.0,9.99999903950498,9.950191,9.975094791816698,9.604950204078477e-07,0.04980945587158203,0.024905208183302108
10.0,9.99993363916837,9.942607,9.971270282566362,6.63608316298081e-05,0.05739307403564453,0.028729717433638058
12.0,12.000000204136036,12.003644,12.001822096849512,2.0413603607494224e-07,0.0036439895629882812,0.001822096849512178
12.0,11.952137749227136,11.868702,11.910419842020794,0.0478622507728641,0.13129806518554688,0.08958015797920638
12.0,11.999999541793313,11.982999,11.99149919487737,4.5820668681528787e-07,0.01700115203857422,0.008500805122629629
10.0,9.99999946985261,9.943832,9.971915933656774,5.30147390875868e-07,0.0561676025390625,0.0280840663432258
10.0,9.999999072867944,9.95929,9.979644311824597,9.271320564607777e-07,0.04071044921875,0.02035568817540323
10.0,9.997345033251854,9.946972,9.9721584632812,0.002654966748146137,0.053028106689453125,0.02784153671879963
10.0,9.99999989469603,9.9386635,9.969331688681024,1.0530396998831293e-07,0.061336517333984375,0.030668311318976293
10.0,9.999962578460323,9.944056,9.97200906785565,3.742153967678519e-05,0.05594444274902344,0.02799093214435011
10.0,9.999999289796424,9.956972,9.978485705994403,7.102035759487535e-07,0.04302787780761719,0.021514294005596568
12.0,12.000000707560037,11.993467,11.996734019246327,7.075600372274948e-07,0.0065326690673828125,0.0032659807536727925
10.0,10.005512870272305,9.96957,9.987541515092207,0.0055128702723052925,0.030429840087890625,0.012458484907792666
12.0,12.000045006020876,12.006151,12.003098102680848,4.500602087631478e-05,0.0061511993408203125,0.0030981026808483136
12.0,12.000000412394524,11.981207,11.990603653157711,4.123945238632132e-07,0.018793106079101562,0.00939634684228885
10.0,10.000000024822716,9.9423485,9.971174252523664,2.4822716326866612e-08,0.057651519775390625,0.02882574747633626
12.0,12.000001141088857,12.001769,12.000885103472896,1.1410888571816713e-06,0.0017690658569335938,0.0008851034728962759
10.0,9.999999822934445,9.943283,9.971641451994566,1.7706555510699218e-07,0.0567169189453125,0.028358548005433803
10.0,9.99999950363616,9.940243,9.970121135485073,4.9636384069629e-07,0.059757232666015625,0.029878864514927272
10.0,9.999999483281513,9.944074,9.97203658017225,5.167184866650132e-07,0.05592632293701172,0.027963419827749192
10.0,9.99999945993991,9.943914,9.971956936696028,5.400600908700426e-07,0.05608558654785156,0.028043063303972104
12.0,12.000000109171092,11.992192,11.996096188771336,1.0917109172225992e-07,0.007807731628417969,0.0039038112286640114
12.0,12.000000653340676,11.996169,11.998084871805837,6.533406757824878e-07,0.0038309097290039062,0.0019151281941631737
10.0,9.999999378066597,9.94277,9.97138469116953,6.219334025558965e-07,0.05722999572753906,0.02861530883047081
10.0,9.999999772211822,9.939036,9.969518070767776,2.2778817765356507e-07,0.06096363067626953,0.030481929232223592
12.0,11.999999816694208,12.000676,12.00033798589227,1.8330579187875173e-07,0.0006761550903320312,0.00033798589226918807
10.0,9.999999759567952,9.9520035,9.97600161928593,2.404320476045996e-07,0.04799652099609375,0.023998380714070677
10.0,9.99999932977142,9.943821,9.97191014157028,6.702285801907237e-07,0.056179046630859375,0.028089858429719783
12.0,11.999999969535589,12.000812,12.000405773189424,3.046441143794709e-08,0.0008115768432617188,0.0004057731894242522
10.0,10.025345664651349,10.64876,10.337052753285146,0.025345664651348798,0.6487598419189453,0.33705275328514617
12.0,12.000000180047913,12.003948,12.001974195858917,1.8004791257908437e-07,0.003948211669921875,0.001974195858917227
10.0,10.000000211840089,9.942424,9.971212016167847,2.1184008858199377e-07,0.05757617950439453,0.028787983832152975
12.0,11.997453140709506,10.16965,11.083551609264665,0.002546859290493586,1.8303499221801758,0.9164483907353347
10.0,9.999999967085103,9.940135,9.970067484610666,3.291489747425658e-08,0.05986499786376953,0.029932515389333503
12.0,12.000000097931162,12.002435,12.001217414230474,9.793116184653172e-08,0.0024347305297851562,0.0012174142304743896
10.0,9.999901494925759,9.946566,9.973233561488758,9.850507424147281e-05,0.05343437194824219,0.02676643851124183
12.0,12.001241949741807,12.007784,12.004512919756158,0.0012419497418072467,0.0077838897705078125,0.00451291975615753
10.0,9.999999906813237,9.943979,9.97198958505945,9.318676319480801e-08,0.05602073669433594,0.028010414940549566
12.0,12.000000016044819,11.979175,11.989587314998728,1.6044818806904004e-08,0.02082538604736328,0.010412685001272237
10.0,9.999999723241233,9.943998,9.971999030016612,2.767587670149396e-07,0.05600166320800781,0.028000969983388302
12.0,10.016788319099076,10.948033,10.482410825961892,1.983211680900924,1.051966667175293,1.5175891740381076
12.0,12.006768301234455,11.992699,11.999733485334025,0.006768301234455265,0.00730133056640625,0.00026651466597549245
10.0,9.999999924071226,9.943587,9.971793613616423,7.592877437900825e-08,0.056412696838378906,0.028206386383576643
10.0,9.99999984779067,9.948619,9.974309368322825,1.5220932958470712e-07,0.05138111114501953,0.025690631677175446
10.0,10.00000032915981,9.943256,9.97162835366682,3.291598105192861e-07,0.056743621826171875,0.028371646333180678
10.0,9.999999565123453,9.943026,9.971512577056355,4.3487654721729996e-07,0.05697441101074219,0.028487422943644702
12.0,12.00000030728464,11.972788,11.986394082170152,3.0728464039952996e-07,0.027212142944335938,0.013605917829847769
10.0,9.998045862611331,9.943689,9.970867604462404,0.0019541373886688973,0.05631065368652344,0.029132395537596167
10.0,9.999999780244906,9.944397,9.972198376450578,2.1975509412186511e-07,0.05560302734375,0.02780162354942206
12.0,11.99817557491727,12.00149,11.999832607099748,0.0018244250827308406,0.0014896392822265625,0.00016739290025213904
10.0,10.000000193158204,9.944771,9.972385503073243,1.9315820409815387e-07,0.05522918701171875,0.027614496926757326
10.0,9.999999390717477,9.949898,9.974948578415379,6.092825231007737e-07,0.05010223388671875,0.025051421584620925
10.0,9.999999920283937,9.940926,9.970462759214234,7.971606308387891e-08,0.05907440185546875,0.029537240785765917
10.0,9.999999748410652,9.941809,9.970904224486087,2.5158934846558623e-07,0.05819129943847656,0.029095775513912514
12.0,11.999999904550467,11.994112,11.997055959660488,9.544953272211387e-08,0.0058879852294921875,0.002944040339512455
12.0,12.000000095990693,11.993893,11.996946382834214,9.59906927278098e-08,0.006107330322265625,0.0030536171657864486
10.0,9.999999915058673,9.9431505,9.97157521769169,8.494132686109879e-08,0.05684947967529297,0.028424782308309915
10.0,9.999999204389331,9.934397,9.967197974081873,7.956106689022135e-07,0.06560325622558594,0.03280202591812653
10.0,9.999999235117091,9.949968,9.974983786564893,7.648829090101117e-07,0.05003166198730469,0.02501621343510685
10.0,9.999999818642118,9.945025,9.97251263133644,1.8135788160122956e-07,0.05497455596923828,0.02748736866356083
12.0,12.000000084579128,12.004602,12.002301258415052,8.457912770154508e-08,0.0046024322509765625,0.002301258415052132
12.0,12.000000482994725,11.992562,11.996281388500536,4.829947251039357e-07,0.007437705993652344,0.00371861149946362
10.0,10.000433510173849,10.242468,10.121450695211436,0.0004335101738490721,0.24246788024902344,0.12145069521143625
