y_test,y_pred_catboost,y_pred_nn,y_pred_ensemble,error_catboost,error_nn,error_ensemble
6.32616117353728,4.872522947133125,4.951993,4.912257967859775,1.4536382264041547,1.3741681849508538,1.4139032056775047
5.076176919290855,5.049749251447739,5.063586,5.056667743247063,0.0264276678431159,0.01259068424446852,0.01950917604379221
3.6489366292409353,5.026171428766895,5.0635557,5.044863573117578,-1.3772347995259593,-1.4146190882273264,-1.3959269438766424
6.627964220595722,5.007457732895992,5.064103,5.035780429710936,1.6205064876997293,1.5638610940698427,1.5921837908847856
5.139202207148773,5.0137163271310765,5.027937,5.020826631277941,0.12548588001769634,0.11126527172396816,0.11837557587083225
4.7184725675273445,4.9793139793452665,4.9801574,4.97973567734048,-0.2608414118179221,-0.2616848078083489,-0.26126310981313594
4.69842104857232,5.028133800959668,5.019446,5.023789848554175,-0.32971275238734776,-0.3210248475763615,-0.3253687999818551
5.27005091598739,4.945348215565537,5.0287876,4.9870679142402885,0.32470270042185323,0.24126330307235122,0.2829830017471018
3.3616610861665706,5.071131978939805,5.059616,5.065374033903496,-1.7094708927732345,-1.697955002700617,-1.7037129477369257
6.803404538203202,5.033771886083642,5.06367,5.048721022234936,1.7696326521195598,1.739734379816971,1.7546835159682654
6.3152848758278335,4.958246255226872,4.981299,4.969772589359652,1.357038620600962,1.3339859523354018,1.3455122864681819
5.796095498689614,5.3305167712526265,5.1346784,5.232597567526337,0.4655787274369878,0.6614171348895654,0.5634979311632771
5.0982926426374515,5.135035512552697,5.0448065,5.089920996480206,-0.03674286991524589,0.05348616222973668,0.008371646157245394
4.169972145605656,5.204990972829095,5.0989313,5.151961142695065,-1.035018827223439,-0.9289591669553792,-0.9819889970894087
6.258322557517618,4.532444297242125,4.933022,4.73273315974472,1.7258782602754925,1.3253005352703031,1.5255893977728974
3.5845689529343865,5.11054554966091,4.981641,5.046093182697886,-1.5259765967265233,-1.3970718628004768,-1.4615242297634996
3.8325864369988674,5.160917347296131,4.9905224,5.075719865969843,-1.3283309102972636,-1.1579359476446873,-1.2431334289709755
5.474711330153106,5.05416584305429,5.0554857,5.05482578422856,0.4205454870988161,0.4192256047502738,0.4198855459245454
4.395123906647198,4.864666912555408,5.0293045,4.946985708474969,-0.46954300590820974,-0.6341805977473332,-0.551861801827771
4.942020515610216,4.872968429192711,4.9712896,4.92212903194865,0.06905208641750527,-0.029269119094373686,0.019891483661566234
3.858657345306605,5.071478843869708,5.057205,5.064342022032511,-1.2128214985631032,-1.1985478548887074,-1.2056846767259057
3.4394756094499175,5.032529506505533,5.064756,5.048642711550496,-1.5930538970556154,-1.6252803071455415,-1.6091671021005785
6.824947631697317,5.093047885657209,5.060502,5.0767749689821695,1.7318997460401082,1.7644455793901885,1.748172662715148
3.1714498636769757,5.02660605672142,5.0619373,5.04427169443737,-1.855156193044444,-1.8904874684763446,-1.8728218307603943
5.371656346008653,4.980516671132675,5.05312,5.016818403696831,0.39113967487597723,0.3185362097476663,0.3548379423118213
4.214297994202873,4.673224437353516,4.9729815,4.823102945147705,-0.45892644315064324,-0.7586834587390214,-0.6088049509448323
6.641032011993965,4.90020581848113,4.9240465,4.912126167449793,1.7408261935128353,1.716985495575508,1.7289058445441716
6.2541027374263365,4.955909483057712,5.033426,4.994667645505297,1.2981932543686243,1.2206769294734556,1.2594350919210395
4.668099392113999,4.985163527653676,5.0188804,5.002021947466364,-0.3170641355396775,-0.3507809751650539,-0.33392255535236526
5.232575563915843,4.9549700691386755,5.0054994,4.980234716042116,0.2776054947771671,0.22707620097028602,0.252340847873727
3.657927081465863,4.9670977452395215,4.986761,4.9769294191895845,-1.3091706637736586,-1.3288340116737856,-1.3190023377237217
6.389239958984134,4.966940952081173,4.9652267,4.966083801159606,1.4222990069029606,1.4240133087460967,1.4231561578245282
3.2489482734550608,4.900022380492454,4.948218,4.924120124648693,-1.6510741070373935,-1.6992695953498709,-1.6751718511936327
3.6312759914173314,5.023770269138516,5.052125,5.0379476231251665,-1.3924942777211844,-1.420848985694485,-1.4066716317078352
6.508777848892983,4.927287053289543,5.028269,4.977777933688229,1.5814907956034396,1.4805090348060688,1.5309999152047542
3.8121626325317806,4.863757300130399,5.0508995,4.957328402872816,-1.0515946675986187,-1.2387368730834538,-1.1451657703410358
5.593480362599991,4.924068980349021,5.0394816,4.98177531010554,0.6694113822509706,0.5539987227379308,0.6117050524944512
3.098574608974549,4.979952623976189,4.982631,4.98129191524432,-1.8813780150016397,-1.884056597537902,-1.8827173062697709
5.2673470555916,5.162458153523618,4.982875,5.072666511911955,0.10488890206798196,0.2844721852913068,0.19468054367964438
6.290512705538079,5.065686566471351,5.0558705,5.0607785497304265,1.224826139066728,1.2346421725485772,1.2297341558076527
3.9045930645503253,4.938462754208177,4.9144397,4.926451216200158,-1.0338696896578519,-1.0098466136418134,-1.021858151649833
4.920924990680822,5.0384596447892855,5.055215,5.046837263343129,-0.11753465410846342,-0.13428989121615054,-0.12591227266230653
6.183575974500448,5.085129429933859,5.058741,5.071935261307872,1.0984465445665883,1.124834881818563,1.1116407131925756
6.283409780271169,4.852555941989222,4.984012,4.918284034455915,1.430853838281947,1.2993976533485618,1.365125745815254
4.0316402764004104,4.921942752782047,5.0424676,4.982205173464388,-0.8903024763816365,-1.010827317746318,-0.9505648970639777
5.17202539387633,4.934225324572153,5.042204,4.988214613885198,0.23780006930417752,0.12982149067808813,0.18381077999113238
6.54077377276937,4.928579782347967,4.9262047,4.927392231872226,1.612193990421403,1.6145690913728856,1.6133815408971444
4.057935088247536,4.974022443415714,5.044157,5.0090897358069775,-0.9160873551681776,-0.9862219399507062,-0.9511546475594415
4.7250053450707,4.76035147251464,4.962504,4.861427691289668,-0.0353461274439395,-0.2374985649939969,-0.13642234621896776
5.230819485353236,4.958799387791073,5.0086336,4.983716500688749,0.27202009756216317,0.22218587176681037,0.24710298466448677
5.829382515320116,4.995641062852643,5.0536036,5.024622355996024,0.8337414524674731,0.7757788661807119,0.8047601593240925
6.528453113639766,5.096311655975698,5.040952,5.068631930816828,1.432141457664068,1.487500907981807,1.459821182822938
4.33819439164367,5.1216990710745085,4.996064,5.05888162858535,-0.7835046794308385,-0.6578697944525214,-0.7206872369416804
3.630286532717848,4.807053727897345,4.9785433,4.89279850472626,-1.176767195179497,-1.3482567488373278,-1.262511972008412
4.76270516820581,5.075070579915891,4.9740076,5.02453909321112,-0.3123654117100809,-0.21130243830053796,-0.2618339250053099
4.953415451151899,4.968718412656495,4.973955,4.97133678353772,-0.015302961504596091,-0.020539703267046683,-0.017921332385821387
5.2645747628586115,5.024080258513313,5.0555744,5.039827337813785,0.24049450434529884,0.20900034574435367,0.2247474250448267
5.448518203763074,4.946619132781831,4.959901,4.953259994399948,0.501899070981243,0.48861734774500754,0.4952582093631257
5.243425853984194,5.204990972829095,5.0988607,5.151925856745358,0.038434881155098743,0.1445651133225727,0.09149999723883617
3.5998314851129574,4.742270858278878,4.968834,4.855552390809361,-1.1424393731659204,-1.3690024382268864,-1.2557209056964038
6.698536519809018,4.918214098608651,5.0334773,4.975845702487309,1.780322421200367,1.665059213443051,1.722690817321709
3.0836183839117504,5.010144574497719,5.0676756,5.038910082506428,-1.9265261905859687,-1.9840572066033864,-1.9552916985946776
3.6472239831737827,5.103209433997368,4.980402,5.0418057133976095,-1.4559854508235857,-1.3331780096240688,-1.3945817302238268
5.103313093128052,5.088565790361856,4.98034,5.03445289716457,0.014747302766195958,0.12297308916076677,0.06886019596348181
3.4944034884768054,4.762686461620694,4.909936,4.836311206426802,-1.2682829731438887,-1.4155324627561048,-1.3419077179499967
3.4951624095368277,5.0184361925502134,5.0677004,5.043068289298788,-1.5232737830133858,-1.5725379765105356,-1.5479058797619607
4.03942240100098,5.055676854284788,5.033057,5.044367033557188,-1.0162544532838078,-0.9936348118286098,-1.0049446325562084
5.7609109881863,4.982238961851119,4.9798956,4.98106727679348,0.7786720263351805,0.78101539645046,0.7798437113928198
4.905094499536604,4.9954071485332285,5.0088377,5.002122424211683,-0.09031264899662439,-0.10374320035353257,-0.09702792467507848
4.768762166179673,4.9685145649456235,4.987652,4.978083194948398,-0.1997523987659502,-0.21888965877149857,-0.20932102876872438
5.340225147465013,4.9640724425155325,4.940387,4.9522296073356475,0.3761527049494804,0.39983837530925115,0.3879955401293653
6.976765313177792,4.936487951807352,5.0619545,4.999221225049183,2.04027736137044,1.914810814886776,1.9775440881286084
5.120867848734841,5.066971995606189,5.052173,5.059572566635492,0.05389585312865197,0.06869471107004621,0.061295282099349535
6.899054679874702,4.918273212141191,4.9785285,4.948400855872231,1.980781467733511,1.9205261802714304,1.9506538240024707
3.058053198257393,4.875534952917023,5.0284896,4.952012271304092,-1.8174817546596298,-1.9704363914337693,-1.893959073046699
3.757270374633859,4.954227849587267,4.9781313,4.966179571918877,-1.1969574749534075,-1.2208609196166291,-1.208909197285018
3.465344031964969,5.004614368485253,5.0212383,5.01292634775581,-1.5392703365202842,-1.5558942950613983,-1.5475823157908413
5.927490180030873,5.012716233006502,4.998025,5.0053705867486125,0.9147739470243703,0.9294652395401499,0.9221195932822601
4.4205977149311,5.021493216074298,4.956518,4.9890056946460355,-0.6008955011431985,-0.5359204582866735,-0.5684079797149355
3.5749451737236417,4.8902177515091205,5.005707,4.947962269309247,-1.3152725777854788,-1.4307616133857333,-1.3730170955856056
5.3945271934129995,4.6663113160029495,4.991285,4.828798081631236,0.72821587741005,0.403242346153478,0.5657291117817635
5.884628916107066,4.540544105360612,4.9886513,4.764597690497689,1.3440848107464536,0.8959776404723003,1.1200312256093765
6.137191861914136,5.33726860339489,4.962824,5.1500462355963705,0.7999232585192457,1.1743679941162846,0.9871456263177656
6.768792422903598,5.012771128153536,5.059429,5.036100148427353,1.7560212947500622,1.709363254202426,1.7326922744762445
5.272137899079796,5.029255299754282,5.05051,5.039882614705633,0.24288259932551437,0.22162796942281382,0.23225528437416365
4.34582405661115,5.20576390851621,5.0429482,5.124356077259204,-0.8599398519050601,-0.6971241893910474,-0.7785320206480542
5.293931879936936,4.953443285906459,4.9968195,4.975131391030622,0.34048859403047693,0.2971123837821512,0.3188004889063141
4.822359067587147,5.115954291066716,4.9410267,5.028490489344393,-0.2935952234795689,-0.11866762003492326,-0.20613142175724608
5.666823272040871,4.918095209072323,5.0124846,4.965289879774199,0.7487280629685475,0.6543387215647964,0.701533392266672
6.984688171765377,4.972261493044353,5.0429764,5.007618936219442,2.012426678721024,1.941711792370846,1.977069235545935
6.621959220182417,5.090628028413004,5.0567465,5.073687255631063,1.5313311917694126,1.5652127373332956,1.548271964551354
5.704777146562499,5.041779536923872,5.0344,5.038089761595481,0.6629976096386274,0.6703771602954092,0.6666873849670178
6.890462840961441,5.055628186656444,5.0450954,5.050361815191015,1.8348346543049976,1.8453673972358553,1.8401010257704264
3.2894397168991527,4.982584107688935,5.007329,4.994956547405259,-1.6931443907897825,-1.7178892702224293,-1.7055168305061064
4.3347655401689575,4.953242766368785,5.03115,4.992196315282781,-0.6184772261998273,-0.6963843240278198,-0.6574307751138235
3.5089810975194013,4.907772854572369,5.0421114,4.974942125680959,-1.3987917570529675,-1.5331302992701494,-1.465961028161558
3.9757893407629123,5.029598709352734,5.0239854,5.026792047623754,-1.0538093685898215,-1.048196045131863,-1.0510027068608419
5.264056469227553,5.01120215895224,4.987624,4.999413163674118,0.25285431027531313,0.2764323008315568,0.2646433055534345
4.023872367081248,4.975364492658454,5.06707,5.021217249991336,-0.9514921255772064,-1.0431976402429708,-0.9973448829100882
4.972710426058002,5.013232907431411,5.0468955,5.030064205714607,-0.04052248137340886,-0.07418507793980034,-0.05735377965660504
4.170097916080489,4.8727575332249575,4.9659376,4.919347573832938,-0.7026596171444686,-0.795839698360429,-0.7492496577524488
3.511589573711052,5.020934609797497,4.9925785,5.0067565581336115,-1.5093450360864455,-1.4809889327586747,-1.4951669844225597
3.102020158982366,4.821287109680224,4.9780025,4.899644828948999,-1.719266950697858,-1.8759823892354075,-1.7976246699666327
4.431386005491552,4.935439072370483,5.0195274,4.977483253836608,-0.5040530668789307,-0.5881414298111824,-0.5460972483450561
6.246817233280815,4.942603968265223,5.0458345,4.994219254793012,1.3042132650155924,1.2009826919600144,1.2525979784878034
6.7896449423798035,5.011557131054647,5.010685,5.011121049047832,1.7780878113251566,1.778959975338788,1.7785238933319718
5.396769855711549,5.069385334422054,5.057535,5.063460252965422,0.3273845212894946,0.3392346842027596,0.33330960274612664
6.871594242978722,4.74253718775188,4.9639063,4.8532217379494265,2.1290570552268413,1.907687954831749,2.018372505029295
4.430530128323669,4.831125320649956,4.9144983,4.872811824906277,-0.4005951923262865,-0.48396820083892855,-0.44228169658260796
6.989616311670798,5.0155970656673965,5.0277796,5.021688322414997,1.9740192460034018,1.9618367325082007,1.9679279892558013
6.739971542487027,5.0805742323996155,5.0659847,5.073279479175882,1.659397310087411,1.6739868165348781,1.6666920633111442
4.491754971954203,4.966009206207697,5.0099545,4.987981829361173,-0.4742542342534941,-0.5181994805604457,-0.49622685740697037
5.270667531169612,4.688785913514365,4.952873,4.820829571747417,0.581881617655247,0.3177943011891431,0.4498379594221946
6.665986391344995,4.891361785341913,5.0300326,4.960697210038511,1.7746246060030817,1.6359537566098874,1.705289181306484
4.656377252151474,5.011984933225401,4.977234,4.9946094099720755,-0.35560768107392704,-0.3208566345672761,-0.33823215782060156
6.165379472776156,5.177515229195846,4.989894,5.0837045712324445,0.9878642435803098,1.1754855595071128,1.0816749015437113
4.912331381912722,4.843044778119558,5.008724,4.925884495383022,0.06928660379316387,-0.09639283073376248,-0.013553113470299749
3.973859419824071,4.893113186584663,5.052272,4.972692514770603,-0.9192537667605918,-1.0784124231324719,-0.9988330949465323
5.325360029934422,5.508839653041635,4.9868364,5.24783804322614,-0.1834796231072131,0.3385235965237774,0.07752198670828214
4.177461527263519,4.961969533144158,4.981598,4.9717837167673915,-0.7845080058806388,-0.8041363731271058,-0.7943221895038723
3.030600471437347,4.930365301311149,5.058502,4.994433749288387,-1.8997648298738015,-2.027901725828278,-1.9638332778510397
5.348742622150146,5.047021766062353,4.969207,5.008114288029956,0.3017208560877931,0.3795358121525876,0.3406283341201899
3.8670562305648484,4.852865580028216,4.957163,4.90501421854194,-0.9858093494633677,-1.0901066264908157,-1.0379579879770913
5.361229437167821,5.024448580416556,5.0644255,5.044437024430691,0.3367808567512647,0.29680396872299664,0.3167924127371302
6.061498580880556,4.977613517286036,5.0500836,5.0138485772617924,1.0838850635945203,1.0114149436430075,1.047650003618764
5.993705682884993,4.948610205022228,4.92807,4.938340136690801,1.0450954778627652,1.0656356145256183,1.0553655461941922
6.012764418793834,4.857735549375559,4.990055,4.923895316802037,1.1550288694182749,1.0227093345653184,1.088869101991797
5.75499483924408,5.002667858694192,5.0226445,5.01265618925005,0.7523269805498884,0.7323503194381722,0.7423386499940303
4.6819735334853005,4.7493304243535475,4.9990444,4.874187421344255,-0.06735689086824692,-0.3170708848496604,-0.1922138878589541
5.900938190298155,4.920504347497022,5.0388236,4.979663976040381,0.9804338428011334,0.8621145857144148,0.9212742142577737
4.316556434658867,4.883410494490651,4.963993,4.923701783500208,-0.5668540598317833,-0.6474366378508982,-0.6071453488413407
6.885835384689329,5.0508751559746665,5.0635767,5.057225927138944,1.834960228714663,1.8222586863861068,1.8286094575503853
3.463235138933023,4.9741035717901845,4.9882097,4.981156648108227,-1.5108684328571615,-1.5249745854932466,-1.517921509175204
3.302831387391475,4.907275594114289,5.0229344,4.965105015456192,-1.6044442067228135,-1.7201030494066205,-1.662273628064717
5.325307904947987,5.033999500952509,4.9954643,5.014731912951841,0.29130840399547786,0.32984357999681535,0.3105759919961466
6.279627590084447,5.028009882069403,5.025474,5.026741976786044,1.2516177080150435,1.2541535185817612,1.2528856132984023
3.321707064799701,4.7211699264051585,4.988798,4.854984033942325,-1.3994628616054574,-1.667091076679791,-1.5332769691426242
5.903019088984548,4.914683795450127,5.044672,4.979677903889614,0.988335293534421,0.8583470766554466,0.9233411850949338
5.420116080775667,5.057990426625264,5.040965,5.049477753443247,0.362125654150403,0.37915100051443673,0.3706383273324203
4.544165191955463,4.903227403567776,5.050629,4.9769282712571545,-0.3590622116123132,-0.5064639469910706,-0.4327630793016919
4.533757287101391,4.987277122217177,4.995769,4.99152307305622,-0.4535198351157854,-0.46201173679387253,-0.45776578595482853
4.351391700500393,5.3099701380333295,5.026056,5.168012975434511,-0.9585784375329363,-0.6746641123353001,-0.8166212749341177
4.99209888551972,4.798379644926407,4.991099,4.894739262847114,0.19371924059331302,0.001000004751897876,0.0973596226726059
5.460575088182942,5.134933315918017,5.027167,5.081050079666162,0.32564177226492497,0.4334082447686356,0.3795250085167803
4.649727043836134,5.068987336360896,5.051057,5.060022099119169,-0.41926029252476216,-0.4013298180413072,-0.41029505528303467
6.29241893991882,4.966671972779549,5.0211396,4.993905797257084,1.3257469671392705,1.2712793181842006,1.2985131426617356
6.435694001877751,4.882454493427725,4.982085,4.9322698606970174,1.5532395084500257,1.4536087739114425,1.5034241411807336
3.8423488772129306,4.9079030554139695,5.0442634,4.9760832091492455,-1.065554178201039,-1.2019144856715909,-1.133734331936315
4.6262546564733835,4.904432702102932,5.012001,4.958216869850294,-0.2781780456295486,-0.38574638112427273,-0.3319622133769107
4.371194167598162,4.9931595359623335,5.0532703,5.023214937964077,-0.6219653683641715,-0.6820761723676583,-0.6520207703659153
4.587256403245526,5.0504872982779565,4.957573,5.004030117644838,-0.46323089503243065,-0.3703165337661929,-0.4167737143993122
3.825080035215234,4.933684416955629,5.049645,4.991664682003815,-1.1086043817403946,-1.2245649118367679,-1.1665846467885812
4.182510752390808,5.071436833988226,4.9842997,5.027868246858615,-0.8889260815974183,-0.8017889073381959,-0.8453574944678071
5.760825235539527,4.814601597716272,4.9660797,4.8903406548151676,0.9462236378232554,0.7947455236254646,0.8704845807243595
6.000131196461741,5.105979177144456,5.003092,5.054535494639122,0.8941520193172847,0.9970393843279517,0.9455957018226187
6.611053095692686,5.0489071667922785,5.0667005,5.057803812659445,1.5621459289004074,1.5443526371660745,1.5532492830332405
5.884583873416506,5.001426958681641,5.0657973,5.033612143815308,0.8831569147348652,0.8187865444675317,0.8509717296011985
6.906834485384573,4.964726982654367,5.019959,4.992342977792638,1.942107502730206,1.8868755124536651,1.9144915075919355
5.778663367491996,4.911207696335628,5.0183926,4.96480012960092,0.8674556711563675,0.7602708046257849,0.8138632378910762
6.083772399773421,5.00301819308879,5.046598,5.024808075349937,1.080754206684631,1.0371744421623372,1.058964324423484
5.608368780987303,4.987139711330136,4.9953465,4.991243128751616,0.6212290696571667,0.6130222348142071,0.6171256522356865
3.508725174453869,4.92958100312684,4.9865456,4.95806328293549,-1.420855828672971,-1.4778203882902718,-1.4493381084816215
5.597008112174868,4.985418971004908,4.984978,4.985198585005017,0.6115891411699605,0.6120299131697413,0.6118095271698509
6.924479798469395,5.107204436066633,5.062483,5.084843634964469,1.8172753624027624,1.8619969646070906,1.8396361635049265
3.85336234575502,5.147430125096636,5.039983,5.0937064604059845,-1.2940677793416162,-1.1866204499603121,-1.2403441146509646
6.155805645199397,5.037315659030125,5.0452566,5.041286136857591,1.1184899861692719,1.1105490305143384,1.1145195083418056
6.406095097236481,4.847085990819528,5.0427184,4.9449022006557355,1.5590091064169531,1.3633766867445374,1.4611928965807452
4.678167528243893,5.02787251012372,5.013788,5.020830366695161,-0.34970498187982635,-0.3356206950227083,-0.3426628384512673
6.898302407170951,4.930313107399712,5.033597,4.981955049946194,1.9679892997712392,1.8647054146782756,1.9163473572247574
3.602762872330687,5.0486560393899484,5.0541315,5.051393773631742,-1.4458931670592614,-1.4513686355428481,-1.4486309013010548
6.412717803921884,4.82382815267335,4.9738917,4.898859943875127,1.5888896512485342,1.43882606884498,1.5138578600467572
6.087986813580713,5.027270863368174,4.9830127,5.005141769803593,1.060715950212539,1.1049741373416992,1.0828450437771195
4.022508931187895,5.064138869251988,5.0533314,5.058735122187029,-1.0416299380640934,-1.0308224439341753,-1.036226190999134
5.243798254363524,5.035777628098655,5.0602922,5.048034936028087,0.20802062626486872,0.18350601040600445,0.1957633183354366
5.829425285346211,4.927026231444475,5.012883,4.969954708892404,0.9023990539017364,0.8165420990058792,0.8594705764538073
6.310705305736496,4.809774021695655,4.9787507,4.894262363707325,1.500931284040841,1.331954600017502,1.416442942029171
3.6295845267670783,4.785711153199372,5.004781,4.895245961273758,-1.156126626432294,-1.3751962425810662,-1.2656614345066801
6.631478590726595,5.137041147817954,5.0407104,5.088875798518352,1.494437442908641,1.5907681415078452,1.5426027922082435
4.1283175429773955,4.805795950067392,4.9742074,4.890001675671513,-0.6774784070899962,-0.8458898582982393,-0.7616841326941177
4.707617753810259,4.9150238238377755,5.0531235,4.984073648979434,-0.20740607002751688,-0.34550572031083515,-0.27645589516917557
4.0648119409572985,4.698544905658096,5.029055,4.863800012109444,-0.6337329647007977,-0.9642431776034925,-0.7989880711521451
4.750930030517392,5.102928052148413,5.027529,5.065228407482898,-0.35199802163102145,-0.2765987322999912,-0.3142983769655068
4.771617441234762,4.674065300013546,4.9807763,4.827420804990293,0.09755214122121547,-0.2091588687322794,-0.05580336375553152
3.415135355080657,4.904033987810506,5.0203247,4.962179347420879,-1.4888986327298492,-1.6051893519505929,-1.5470439923402215
4.66264145636394,5.03003232120381,5.0319014,5.030966840380957,-0.3673908648398694,-0.36925990319416524,-0.36832538401701687
3.0608179210687076,5.1131712847417,4.993431,5.053301188025147,-2.0523533636729923,-1.932613170239886,-1.9924832669564392
3.4123836501094673,5.091816838735167,5.037458,5.064637390848906,-1.6794331886257,-1.6250742928531792,-1.652253740739439
6.827257326421435,4.981827815987857,5.0456066,5.013717214573518,1.8454295104335783,1.7816507132622554,1.8135401118479173
3.285707600250375,4.766311660241114,5.015809,4.891060359692091,-1.480604059990739,-1.7301014588926913,-1.6053527594417156
4.69439777815405,4.98296905225823,5.027352,5.00516045424496,-0.2885712741041804,-0.33295407807763944,-0.3107626760909099
5.295684860923129,4.972512482363865,4.9736447,4.97307860789641,0.3231723785592635,0.32204012749417377,0.3226062530267191
5.819799510973327,5.015391276869455,5.053483,5.034437143103917,0.8044082341038727,0.7663165016349485,0.7853623678694106
6.857436764172367,4.923390741307305,4.9747252,4.949057993868374,1.9340460228650622,1.8827115177429237,1.908378770303993
3.1572947710415553,4.8486940266559015,4.9144,4.881547063681955,-1.6913992556143462,-1.7571053296664525,-1.7242522926403998
5.109162647048464,5.171087873291475,4.9899445,5.080516165649644,-0.061925226243010556,0.11921818904065162,0.028646481398820534
5.771559249099132,4.829804827878647,5.053504,4.941654409025993,0.9417544212204856,0.7180552589257925,0.829904840073139
3.858646826763221,5.058477560042914,5.0213776,5.039927561759738,-1.1998307332796934,-1.1627307367133417,-1.181280734996517
5.92077772560957,5.061814057124518,5.0579844,5.0598992046181674,0.8589636684850523,0.8627933734977535,0.8608785209914025
6.7844846363448,4.977268407079161,4.9473577,4.962313030825348,1.8072162292656389,1.8371269817732667,1.8221716055194523
3.0916869336367347,5.003865696662348,4.9218626,4.962864149448118,-1.9121787630256128,-1.830175668597152,-1.8711772158113829
4.667672403652533,5.029352426127628,5.0122137,5.020783066548921,-0.36168002247509445,-0.3445413033176816,-0.3531106628963876
5.398906610426303,4.95692084039012,4.986871,4.971895803038078,0.4419857700361822,0.41203584474026744,0.42701080738822483
3.809979657845077,4.958583120844273,5.001164,4.979873540173724,-1.1486034629991964,-1.191184301658097,-1.169893882328647
3.461112212911302,5.071364750764563,4.977019,5.0241917919624814,-1.6102525378532615,-1.5159066202490985,-1.5630795790511796
3.1592339865149985,5.131075199753072,5.0252957,5.078185467079295,-1.9718412132380734,-1.866061747890519,-1.9189514805642962
5.8030826355417275,4.855102926156277,5.0216265,4.938364699314711,0.947979709385451,0.781456163068583,0.8647179362270165
3.9565477543441414,4.867660082032457,5.014609,4.941134471024164,-0.9111123276883157,-1.0580611056717277,-0.9845867166800222
6.689975448433676,4.905917040633753,4.98332,4.944618638419904,1.7840584077999235,1.7066552122276217,1.7453568100137726
5.892393894542215,4.973360363221468,4.986701,4.980030687439591,0.9190335313207472,0.9056928828844999,0.912363207102624
6.516404633791229,4.980049863170486,5.028654,5.004351980840614,1.5363547706207425,1.4877505352804867,1.512052652950615
5.603331080118119,4.7361547802213835,4.997718,4.866936318791112,0.8671762998967356,0.6056132227572792,0.7363947613270074
3.162863988981358,5.029254607620037,5.0662975,5.047776069373983,-1.866390618638679,-1.9034335421465718,-1.884912080392625
3.7837388746100213,5.035984044750682,5.0517454,5.0438647297422845,-1.252245170140661,-1.2680065401238654,-1.2601258551322632
5.934960039338494,4.9013469003419505,4.988317,4.944831956564408,1.033613138996543,0.9466430265516284,0.9901280827740857
3.17006916784055,4.95798263186396,5.175291,5.0666368466326634,-1.7879134640234096,-2.005221893560817,-1.8965676787921133
6.888876685515557,4.755300608308721,4.96111,4.858205361679995,2.133576077206836,1.9277665704642875,2.030671323835562
3.1387307456588873,5.077464211347825,4.9688835,5.023173862876061,-1.9387334656889381,-1.8301527687454096,-1.8844431172171738
6.713994353554451,5.021693930889581,5.001358,5.011525981558072,1.6923004226648697,1.7126363213278886,1.7024683719963791
3.6692458940847996,4.930188044314274,5.0088906,4.969539336564486,-1.2609421502294746,-1.3396447347298976,-1.3002934424796861
3.8440021411448866,4.916368398656085,5.0582013,4.9872848558374425,-1.0723662575111987,-1.2141991718739122,-1.143282714692556
4.8414939061995375,4.861707508934765,4.98154,4.921623856014624,-0.020213602735227987,-0.14004629689494497,-0.08012994981508648
5.152856849932277,5.137153485732295,4.962584,5.049868752219785,0.015703364199982417,0.19027283122500194,0.10298809771249218
5.932746212487283,5.184785193190007,4.9756594,5.080222281806185,0.7479610192972759,0.9570868420649195,0.8525239306810981
6.682942087432623,5.044984805492642,5.046738,5.045861476614119,1.6379572819399808,1.636203939697027,1.6370806108185034
4.37091108644873,5.179072032085598,5.0127344,5.095903222616285,-0.8081609456368675,-0.6418233266982423,-0.7249921361675549
5.148050888682117,5.0312114111418875,4.9710226,5.001117008518942,0.11683947754022928,0.1770282827861207,0.146933880163175
5.824349702591906,4.993832388410177,5.047681,5.02075662160377,0.830517314181729,0.7766688477945429,0.8035930809881364
4.077322781537687,4.922191071832043,4.927073,4.924632036846807,-0.8448682902943565,-0.8497502203238856,-0.8473092553091206
5.001409145966862,4.915727556537871,5.040633,4.978180379068496,0.08568158942899107,-0.039224055632258725,0.023228766898366615
3.054001067837348,4.882830669994774,4.991415,4.937122846899243,-1.8288296021574255,-1.9374139559663628,-1.8831217790618946
4.646291136622525,4.850438655093867,5.021701,4.936069757081846,-0.20414751847134216,-0.37540972244729964,-0.28977862045932135
4.245349886643465,4.954403679884531,5.040192,4.9972979035561576,-0.7090537932410657,-0.7948422405843178,-0.7519480169126922
6.483424843026947,4.992087181570225,5.045749,5.018918184519854,1.491337661456722,1.4376756555574648,1.4645066585070934
4.635755651932335,5.131263787740046,5.050318,5.090790776011136,-0.4955081358077109,-0.41456211234989127,-0.4550351240788011
3.9011646415258285,5.001775596137589,5.0044193,5.003097461459908,-1.1006109546117608,-1.103254685256398,-1.1019328199340794
3.557987039866706,5.060258543092474,5.0522947,5.056276637116305,-1.502271503225768,-1.4943076912734305,-1.4982895972495989
6.4602932344856505,4.857760150856696,5.0420284,4.949894288990359,1.6025330836289546,1.418264807361627,1.5103989454952913
3.8784240692065133,5.052609578276644,5.020129,5.036369391036516,-1.1741855090701305,-1.1417051345898734,-1.1579453218300024
4.455455599804935,4.930356790395022,4.9490123,4.93968453495276,-0.47490119059008684,-0.49355667970556283,-0.48422893514782483
3.63972218678598,5.227854539786461,5.0442986,5.136076594310344,-1.5881323530004807,-1.4045764620482486,-1.4963544075243642
5.040024949811596,5.0945455639829555,5.0559244,5.075234989785667,-0.05452061417135923,-0.015899465776782584,-0.03521003997407046
5.6262221020578425,4.964438830517829,5.0237045,4.994071679663211,0.6617832715400134,0.6025175732492487,0.6321504223946315
4.471960731633275,4.929519938568193,5.0288215,4.979170703460732,-0.4575592069349179,-0.5568607367199965,-0.5072099718274572
6.574297346625744,5.117433901398385,5.0395923,5.0785130837405745,1.4568634452273583,1.53470508054298,1.4957842628851692
4.5590979923203925,4.730011549470828,4.9695454,4.849778456925355,-0.17091355715043566,-0.41044737205949033,-0.29068046460496255
3.221525166393118,5.391462362947215,4.9658566,5.17865945753562,-2.169937196554097,-1.7443313857309053,-1.9571342911425016
6.189194144625601,5.0278427018053655,5.055733,5.0417879528466525,1.1613514428202354,1.1334609407376615,1.1474061917789484
6.378894063265765,5.185850734013842,4.949844,5.067847308764123,1.193043329251923,1.4290501797513606,1.3110467545016418
5.8653594270694,5.060130767426092,5.0008583,5.030494537155429,0.8052286596433085,0.8645011201846344,0.8348648899139715
3.898352238808728,4.978946813365133,5.0427275,5.010837141881542,-1.0805945745564052,-1.1443752315892213,-1.1124849030728137
5.00273580171594,5.136303502205152,4.9762096,5.056256571354041,-0.13356770048921174,0.026526161213010546,-0.053520769638100596
4.016384520417617,4.666528549610519,4.9351273,4.80082790395565,-0.6501440291929024,-0.9187427378831643,-0.7844433835380329
4.265380979214097,4.594309963482563,4.968896,4.781602937826486,-0.3289289842684662,-0.7035149329563133,-0.5162219586123893
3.6761898805974775,5.206864360691951,5.108096,5.157480241716826,-1.5306744800944738,-1.4319062421442217,-1.4812903611193482
6.513276852791681,4.72123562316511,4.891843,4.806539232633581,1.7920412296265713,1.6214340106896303,1.7067376201581004
3.121471805105755,4.962533555051355,5.0054903,4.984011929045453,-1.8410617499455997,-1.8840184979337957,-1.8625401239396977
5.152778482551098,4.981949736762148,5.0535593,5.01775452002292,0.1708287457889499,0.09921917926740687,0.1350239625281784
4.716309038863912,4.7756699238265,4.9847956,4.880232747100018,-0.0593608849625884,-0.2684865315096232,-0.1639237082361058
5.879126287570873,5.092544469901031,5.057687,5.075115637813065,0.786581817669842,0.8214394818457755,0.8040106497578083
4.14190988790196,4.926237002582204,5.0168667,4.971551843271083,-0.7843271146802442,-0.8749567960580009,-0.829641955369123
4.35538831786509,5.043435527900466,4.9808197,5.012127615024452,-0.6880472100353758,-0.6254313842833472,-0.656739297159362
3.386159994581509,4.864228167231874,5.0180016,4.94111486181418,-1.4780681726503655,-1.6318415618149755,-1.554954867232671
5.954732647344263,5.017237628094413,5.0426607,5.029949170645107,0.9374950192498508,0.9120719341484627,0.9247834766991563
4.186497809503092,5.043364761385478,5.0458446,5.0446046581433,-0.8568669518823855,-0.8593467453980308,-0.8581068486402081
4.5805927109619216,4.85997953354562,4.970402,4.9151906487308175,-0.2793868225836986,-0.38980905295409407,-0.3345979377688959
6.538029177904299,4.8096292583663836,5.0093045,4.909466890917201,1.7283999195379156,1.5287246544362816,1.6285622869870986
4.6677333568774735,5.203715392447219,5.039197,5.121456180262916,-0.5359820355697451,-0.3714636112011398,-0.45372282338544245
4.812415082970055,5.181457914615572,4.9851475,5.08330269540593,-0.3690428316455163,-0.17273239322623368,-0.27088761243587456
3.90785077164876,5.049658550744561,4.9891086,5.019383556607021,-1.1418077790958012,-1.0812577908207226,-1.1115327849582615
5.647605632752812,4.972571280979419,5.031683,5.002127124559534,0.6750343517733937,0.6159226646131639,0.6454785081932783
3.2835911313718875,4.97274549253262,5.054448,5.013596810139601,-1.6891543611607323,-1.7708569963746945,-1.7300056787677138
3.7060971353473304,4.8113503880997115,4.988647,4.899998686100027,-1.105253252752381,-1.2825498487530114,-1.1939015507526962
4.366423482445219,5.026482351339301,5.0467157,5.03659904386423,-0.6600588688940823,-0.6802922539439411,-0.6701755614190112
3.4748350590929404,4.907359171306627,5.01624,4.961799645620355,-1.4325241122136867,-1.5414050608411416,-1.4869645865274141
3.390019560421575,5.080570844153882,5.060235,5.070402933826209,-1.6905512837323067,-1.6702154630769601,-1.6803833734046338
4.135345503408558,4.98397447759957,4.9856358,4.98480511752293,-0.8486289741910111,-0.8502902540377306,-0.8494596141143713
4.929642722597262,5.0066194983797825,5.051722,5.029170774046459,-0.07697677578252016,-0.12207932711587244,-0.0995280514491963
4.747049332316124,4.795527781795972,5.0091934,4.902360601103064,-0.04847844947984825,-0.26214408809403267,-0.15531126878694046
3.024661682609083,4.925385065458335,4.9259825,4.925683770369549,-1.900723382849252,-1.9013207926716786,-1.9010220877604658
4.853105031132197,4.917430415279565,5.0395727,4.978501565519421,-0.06432538414736833,-0.18646768462708074,-0.12539653438722453
4.101798196203202,4.963005324658517,4.9789467,4.970976005224767,-0.8612071284553151,-0.8771484895878139,-0.8691778090215649
3.8735480038416394,4.807725425911744,4.9879246,4.897825000858704,-0.9341774220701042,-1.1143765719640246,-1.0242769970170649
5.255573695857354,4.994004457241821,4.9862695,4.990136965635681,0.2615692386155333,0.269304221827813,0.2654367302216727
4.405091060724786,5.151698962338995,5.059802,5.10575050884894,-0.7466079016142091,-0.654710994634101,-0.7006594481241546
6.080954923274485,5.08675949892753,5.033822,5.060290779279439,0.9941954243469544,1.047132863643137,1.0206641439950452
5.552155465178682,5.040758111232427,5.017242,5.029000033017947,0.5113973539462551,0.5349135103752154,0.5231554321607348
6.072628346165385,5.148096170807335,4.9897666,5.068931384277569,0.92453217535805,1.0828617484175824,1.0036969618878162
6.825024827003891,4.838345677589342,4.962281,4.900313452350579,1.9866791494145488,1.8627435998920747,1.9247113746533122
4.10723558350461,5.066066814156427,5.06349,5.064778364048428,-0.9588312306518167,-0.9562543304358195,-0.9575427805438181
5.899691424930619,4.858052070088756,5.0190177,4.938534883234686,1.0416393548418634,0.8806737285500041,0.9611565416959333
4.217355388441913,4.693665824346342,4.9662857,4.829975764956374,-0.4763104359044288,-0.7489303171244934,-0.6126203765144611
6.595382373212674,5.03280360998554,5.033663,5.033233203003023,1.5625787632271342,1.5617195771921661,1.5621491702096506
5.000910337261799,4.958056597224418,5.017735,4.987895800824734,0.04285374003738074,-0.016824667163249707,0.013014536437065516
5.6004376738329835,5.280478961223356,4.9492016,5.11484027254283,0.31995871260962794,0.6512360899706788,0.4855974012901534
3.2427793283860598,4.973790557305221,4.9878597,4.980825141628685,-1.731011228919161,-1.7450803975660887,-1.7380458132426253
3.8519559182913015,5.098900359638828,5.029417,5.064158698801347,-1.2469444413475261,-1.1774611196725657,-1.212202780510046
5.603010323286051,4.840916336222093,4.9308534,4.88588485153695,0.7620939870639578,0.672156956434244,0.7171254717491005
5.797966514650195,4.94181936589043,4.9753942,4.958606807426416,0.8561471487597654,0.8225722656877927,0.8393597072237791
4.987230978818002,4.877739911714416,4.9445696,4.911154749710968,0.10949106710358603,0.042661391110482505,0.07607622910703427
5.03961142890533,4.925429546620927,4.9950037,4.960216623438637,0.11418188228440318,0.0446077286489821,0.07939480546669309
4.548039057756955,5.03819722627773,4.977374,5.007785651560496,-0.4901581685207752,-0.4293350190863068,-0.45974659380354144
6.877146993468949,5.234496201759801,5.002966,5.118731064441912,1.6426507917091477,1.8741810663449252,1.758415929027037
5.063600556224319,5.172407946386668,4.96669,5.069549004931615,-0.1088073901623492,0.09691049274775665,-0.005948448707296272
4.741931170015148,4.868291912304945,4.978142,4.923216848486456,-0.12636074228979677,-0.2362106146528209,-0.1812856784713084
5.091026151671398,5.01269381744688,5.0242543,5.018474069749441,0.0783323342245188,0.06677182961939643,0.07255208192195717
4.268829357291175,5.0984940668801295,4.9154005,5.006947285973023,-0.8296647095889549,-0.6465711477747433,-0.7381179286818487
5.516690857047692,4.885024693486092,4.9685245,4.926774574755131,0.6316661635615999,0.5481664010235221,0.5899162822925614
6.241269651142595,4.98131971507915,5.0288815,5.005100632457177,1.2599499360634452,1.2123881013073898,1.236169018685418
6.383655157737746,4.91951784893686,4.9802065,4.949862169249924,1.4641373088008853,1.4034486681747573,1.4337929884878218
6.657967703590241,5.180404597795142,4.9885964,5.084500518578357,1.4775631057950998,1.669371264228669,1.573467185011884
4.956637688654249,5.207149323857608,4.922389,5.064769177157075,-0.25051163520335873,0.03424865819770595,-0.10813148850282595
3.1867132087859438,4.906803193993032,4.946002,4.926402600261897,-1.7200899852070886,-1.759288797744818,-1.7396893914759528
3.2684869730271418,5.020498784016009,5.050093,5.035295978998361,-1.7520118109888676,-1.7816062009535711,-1.7668090059712194
3.6698110622585154,4.945829292893906,5.044739,4.995284031212578,-1.2760182306353909,-1.3749277072727346,-1.3254729689540627
6.3239765786829505,4.891130526652823,4.971126,4.931128303106075,1.4328460520301274,1.3528504991236243,1.3928482755768758
6.0204675480273675,5.15617694348283,5.043531,5.099853942246176,0.8642906045445375,0.976936607017846,0.9206136057811918
4.417007313683376,4.909790992430321,5.0643897,4.98709034904414,-0.49278367874694506,-0.6473823919745829,-0.5700830353607635
4.780391338287794,4.9590756820352,4.984662,4.971868869002219,-0.17868434374740616,-0.20427071768144422,-0.1914775307144252
4.721897459077258,4.990001759634943,5.047689,5.018845360331998,-0.26810430055768464,-0.3257915019517945,-0.2969479012547396
4.140372365084959,5.016423303707022,4.986328,5.001375714353511,-0.876050938622063,-0.8459557599150411,-0.861003349268552
4.71779616033178,5.130073313444487,5.03129,5.080681683882888,-0.41227715311270696,-0.31349389398950933,-0.3628855235511086
5.392898790900887,5.005953824480552,4.961621,4.983787316064129,0.3869449664203346,0.4312779832531817,0.4091114748367577
3.9275520567264413,4.982804126666109,5.059652,5.0212279891600815,-1.0552520699396681,-1.1320997949276115,-1.0936759324336403
5.756769376950199,4.613313096526114,5.016199,4.814756104232295,1.1434562804240853,0.7405702650117227,0.9420132727179045
3.1426437893158794,4.866407242916693,4.9796696,4.923038406919773,-1.7237634536008133,-1.8370257816069722,-1.7803946176038932
5.267355118868361,5.050278599392461,5.0523405,5.051309553449892,0.21707651947590012,0.2150146113610365,0.21604556541846875
3.363666383560355,4.768083167985105,5.0070677,4.887575424171995,-1.40441678442475,-1.6434012967985319,-1.5239090406116405
4.760004847242817,5.134916758101166,5.017372,5.076144444724411,-0.37491191085834963,-0.25736728410483956,-0.3161395974815946
3.3793171832327604,5.019653096871446,5.0366793,5.028166182377373,-1.6403359136386855,-1.6573620846505404,-1.648848999144613
6.020767803293889,4.840733176388209,4.974057,4.907395186979505,1.1800346269056803,1.0467106057230886,1.1133726163143844
6.350107879828734,4.970625774214818,5.039241,5.004933305655992,1.3794821056139162,1.3108670427315658,1.3451745741727414
3.881789215165556,4.74694071461692,4.9759398,4.861440232644153,-0.8651514994513638,-1.0941505355058307,-0.9796510174785968
3.5503514140049375,4.902642218003309,5.048893,4.975767596428412,-1.3522908039983714,-1.4985415608485781,-1.4254161824234743
4.433627542020606,5.421667605155762,5.0242963,5.222981944438843,-0.9880400631351565,-0.5906687417013181,-0.7893544024182368
4.3432513993914466,4.854689106039833,5.0075016,4.9310953541063425,-0.5114377066483868,-0.664250202781405,-0.5878439547148959
4.9584091560374315,4.954572022319012,5.0419207,4.998246342122641,0.0038371337184193166,-0.08351150588883804,-0.03983718608520981
6.77371477544254,4.919360843338554,5.022229,4.970795018989834,1.8543539321039866,1.7514855808014271,1.8029197564527069
6.779623475848398,4.993802255355053,4.964081,4.978941532950964,1.7858212204933448,1.815542665301523,1.8006819428974339
5.640098784369014,5.051620216439918,5.0158706,5.033745393788196,0.588478567929096,0.6242282132325396,0.6063533905808178
4.730681088065683,5.1399895026038225,4.918634,5.0293117202197575,-0.40930841453813915,-0.18795284977001003,-0.29863063215407415
5.953579175323755,5.312115352297133,4.9662776,5.139196475815925,0.6414638230266219,0.9873015759890382,0.8143826995078296
5.977121093052306,4.869854657116207,5.020706,4.94528041693701,1.1072664359360989,0.9564149162944933,1.031840676115296
3.1696220132817756,4.621171158727265,4.932163,4.7766669602077485,-1.451549145445489,-1.7625407484064568,-1.6070449469259729
4.045335084461074,4.982397943830614,5.0184193,5.000408604788842,-0.93706285936954,-0.973084181285996,-0.955073520327768
4.526503432999452,5.228946189805238,5.0372953,5.133120765648469,-0.7024427568057856,-0.510791908492247,-0.6066173326490167
4.527681575532309,4.99622837401715,5.0244846,5.010356504208282,-0.4685467984848408,-0.49680305886710485,-0.48267492867597284
3.0989350430814935,4.86604384490279,4.9119625,4.889003177029032,-1.7671088018212964,-1.81302746607378,-1.7900681339475386
4.32624864803698,4.585751448488703,4.935332,4.760541634965177,-0.259502800451723,-0.6090831734046702,-0.43429298692819707
6.157448919962196,5.08904390248932,5.0498295,5.069436692760773,1.0684050174728759,1.1076194369299692,1.088012227201423
5.299515366064216,5.1751338250392624,4.9309406,5.05303722654551,0.12438154102495336,0.368574738012458,0.24647813951870567
4.342049226778817,4.697869700948253,4.98539,4.841629943629034,-0.35582047416943574,-0.6433409595309971,-0.49958071685021643
4.3896318574759166,4.976084516409113,4.9757624,4.975923441828824,-0.5864526589331964,-0.5861305097726186,-0.5862915843529075
5.036521297571136,4.944218414224488,5.0429235,4.993570932347229,0.09230288334664838,-0.006402152898834501,0.04295036522390738
3.4347206945968733,4.929621274915311,4.958561,4.944091109259413,-1.4949005803184376,-1.5238402490066423,-1.50937041466254
6.890218349936918,4.92604104167489,5.056188,4.991114574105877,1.9641773082620277,1.8340302434000524,1.8991037758310405
3.1988232687221982,4.972011989972968,5.0556183,5.01381513805289,-1.7731887212507695,-1.8567950174106143,-1.814991869330692
6.934922906059442,5.002004429568943,5.01962,5.010812185640185,1.9329184764904985,1.9153029643480162,1.9241107204192573
6.795736923928979,4.53257044263945,4.9586277,4.745599071722557,2.263166481289529,1.8371092231233153,2.050137852206422
3.2105803310520176,4.947835820215777,5.053155,5.000495382794655,-1.737255489163759,-1.8425746143215176,-1.7899150517426379
5.147803393152563,5.276801819730136,4.9676003,5.122201082670854,-0.12899842657757343,0.18020304754099037,0.025602310481708912
6.323562159289001,5.182243567266457,5.0215316,5.10188757457256,1.141318592022544,1.3020305774103385,1.2216745847164407
6.609362059411264,4.966946638285777,5.025701,4.996323842137883,1.642415421125487,1.583661013421274,1.613038217273381
4.919970427403411,5.109234169224811,5.0450225,5.077128328432596,-0.18926374182140027,-0.12505206023697024,-0.15715790102918525
4.999092216587253,4.653339718498696,4.908065,4.7807022803614085,0.3457524980885571,0.09102737436313202,0.21838993622584457
3.3607388508868627,4.675356452587236,5.039154,4.8572552526608055,-1.3146176017003732,-1.6784152018475123,-1.4965164017739427
6.827493424662119,4.876129512784442,4.9186134,4.897371473311166,1.951363911877677,1.9088799908242287,1.9301219513509533
3.599797767593215,5.101316691269182,5.021985,5.061650872642648,-1.5015189236759672,-1.4221872864228984,-1.4618531050494332
5.06014801237448,4.971888114479209,4.98327,4.977579141391827,0.08825989789527089,0.07687784407003662,0.08256887098265331
4.3718875759634575,5.0065088814554555,5.0493674,5.027938154640692,-0.634621305491998,-0.6774798518624703,-0.6560505786772346
4.927775446006137,5.09707779898781,4.9649754,5.031026578021737,-0.1693023529816724,-0.03719991104952669,-0.10325113201559954
4.819138681745802,4.989679603917108,5.064368,5.027023687532894,-0.17054092217130634,-0.2452290894028799,-0.20788500578709268
4.663933489285666,4.969154911258845,4.963387,4.966270961870267,-0.3052214219731786,-0.29945352319602314,-0.3023374725846004
6.008573451194711,5.085079598705714,5.018451,5.051765406271192,0.9234938524889973,0.9901222373580412,0.9568080449235188
6.341743020853949,4.890291167205128,5.060861,4.975576138946192,1.4514518536488206,1.280881910166693,1.3661668819077573
3.2490445617053094,4.9803391003079955,5.0455256,5.01293232557514,-1.7312945386026861,-1.7964809891369757,-1.763887763869831
4.673401440479808,4.8071543441856175,4.9405804,4.873867356113805,-0.13375290370580917,-0.26717892756218387,-0.20046591563399652
4.8182513606293345,5.021350438283607,4.970519,4.99593475207027,-0.20309907765427226,-0.15226770522759914,-0.1776833914409357
6.276418697790457,4.921260571039851,4.948351,4.934805738705961,1.3551581267506059,1.3280677914183867,1.3416129590844958
5.04840273270319,4.9984641602687,5.026766,5.012614991816479,0.04993857243449007,0.021636909338932142,0.035787740886711106
3.5278136799007176,5.080375550184187,5.0580416,5.0692085613774935,-1.5525618702834696,-1.5302278926700832,-1.541394881476776
5.265159019717849,5.437741135746809,4.9756074,5.206674265459464,-0.17258211602896,0.28955162454573014,0.05848475425838551
3.5728098593931015,4.880240121348935,4.979842,4.930041153661528,-1.3074302619558336,-1.4070323265810196,-1.3572312942684266
5.421738156799546,5.069613858715341,5.050666,5.060139857061528,0.3521242980842052,0.37107230139183134,0.36159829973801827
6.32035669416954,4.910720049375966,4.975171,4.942945569274165,1.409636644793574,1.3451856049971767,1.3774111248953753
3.176695895741355,4.938280637873571,5.0207787,4.9795296469397154,-1.7615847421322157,-1.8440827602645045,-1.8028337511983605
6.7781144777963185,4.917375034592883,5.0166626,4.9670188161245665,1.8607394432034354,1.7614518801400685,1.811095661671752
6.797218964529797,4.803934392740069,4.932825,4.868379740620522,1.9932845717897285,1.8643938760288208,1.928839223909275
3.6231172966301077,5.314925258346311,4.976038,5.145481618736143,-1.6918079617162034,-1.3529206824958688,-1.5223643221060357
6.29091806904131,5.106288130882659,5.059905,5.083096591533859,1.1846299381586514,1.2310130168562514,1.2078214775074514
6.672285607392068,5.026280343276648,5.049286,5.037783115974261,1.64600526411542,1.6229997187201928,1.6345024914178063
3.161327615832175,5.043910297186263,5.047482,5.045696155444327,-1.8825826813540876,-1.8861543978702175,-1.8843685396121521
5.8955900544040265,4.891929942282651,4.947117,4.919523397044646,1.0036601121213753,0.9484732025973859,0.9760666573593806
3.372333943666844,5.00038954689029,4.9878902,4.994139895210282,-1.6280556032234457,-1.6155562998634294,-1.6218059515434375
5.971807604440243,5.075993656421763,5.0543,5.065146743906071,0.8958139480184801,0.917507773049862,0.9066608605341715
5.800493512267231,4.911261369298396,5.0550265,4.983143950258939,0.8892321429688348,0.7454669810477483,0.8173495620082916
3.36232787684769,4.98071203943052,5.0286117,5.004661849717091,-1.6183841625828297,-1.666283783155972,-1.6423339728694009
6.906477448920149,5.358635021018611,4.983607,5.171120918178373,1.5478424279015375,1.922870633582014,1.7353565307417762
4.7745670575481025,5.421596492701479,5.029368,5.2254822082190255,-0.6470294351533763,-0.25480086618846975,-0.450915150670923
5.966441786119663,4.954274583075679,5.016884,4.985579216586668,1.012167203043984,0.949557936022007,0.9808625695329951
4.887338701162697,4.996734617388695,5.0616636,5.029199122506603,-0.10939591622599742,-0.1743249264618143,-0.14186042134390586
5.374816905498177,5.258635561524698,5.037291,5.147963305740987,0.11618134397347912,0.33752585554090153,0.22685359975718988
3.361881082598217,4.902673619912664,5.019328,4.961000868641635,-1.5407925373144473,-1.6574470347723884,-1.5991197860434183
3.325838795650294,5.113324873568034,5.0639257,5.088625308335531,-1.7874860779177402,-1.7380869474527332,-1.7627865126852367
3.1890379375949576,4.854106871301334,5.005418,4.9297623475464185,-1.6650689337063764,-1.8163798861965463,-1.740724409951461
6.185172227087015,5.084911536634941,5.0600653,5.072488403052578,1.1002606904520738,1.1251069576167998,1.1126838240344368
3.1715129076112154,4.916148819268593,5.059041,4.987594921261493,-1.7446359116573777,-1.8875281156431791,-1.816082013650278
5.92410278340243,5.148026069889814,5.0254383,5.086732189302817,0.7760767135126159,0.8986644746866093,0.837370594099613
3.947278091660194,5.0118621041758065,4.982447,4.997154625772596,-1.0645840125156125,-1.0351690557091908,-1.0498765341124017
4.917170590622035,5.056071057912168,5.0273404,5.04170573502603,-0.1389004672901324,-0.11016982151785726,-0.12453514440399438
6.27322646048369,4.953999125102501,4.98827,4.971134465505353,1.3192273353811883,1.2849566545754865,1.302091994978337
4.518177104621784,4.794717701279486,4.971669,4.883193449181003,-0.2765405966577026,-0.45349209246073574,-0.36501634455921916
3.6654520649476856,4.915202900921046,5.0377035,4.976453207510083,-1.2497508359733605,-1.3722514491514355,-1.3110011425623975
4.716535646524072,4.898526853997258,4.984043,4.941284987667574,-0.1819912074731862,-0.26750747481381865,-0.22474934114350198
3.73108949975626,4.940510444782241,5.043936,4.9922231102695385,-1.2094209450259812,-1.3128462760005761,-1.2611336105132787
4.759913668193794,5.0182901325903195,5.044374,5.031332060847772,-0.25837646439652584,-0.2844603209114309,-0.2714183926539784
4.994601763906929,5.052813710713033,5.0442514,5.048532576334299,-0.058211946806103754,-0.04964967804863729,-0.05393081242737008
3.2207218106637305,4.801365870928294,4.9667034,4.884034642922643,-1.580644060264563,-1.7459816042532617,-1.6633128322589124
3.11128401271734,5.112592701218524,5.0403814,5.076487066399057,-2.0013086885011844,-1.9290974188622498,-1.965203053681717
3.2313526731967475,5.031789833442887,5.0114927,5.021641281314949,-1.8004371602461395,-1.7801400559902643,-1.7902886081182015
6.2640828340168,5.154030258231747,5.0461717,5.100100961711698,1.110052575785053,1.2179111688251494,1.1639818723051016
6.386103154428218,5.0673361111515,5.053065,5.060200467151067,1.3187670432767185,1.3330383312775833,1.3259026872771509
5.095197587749901,4.921625848596494,4.9994545,4.960540173443755,0.17357173915340685,0.09574308945888532,0.13465741430614564
6.071473131015519,5.084518233134384,4.9830856,5.033801932729301,0.9869548978811356,1.0883874986913007,1.0376711982862181
5.044580317182351,4.875605064263934,4.985759,4.930681922848519,0.16897525291841742,0.05882153574924587,0.11389839433383209
3.109161545660584,4.973236441530203,5.0208397,4.997038066346156,-1.8640748958696185,-1.9116781455015253,-1.8878765206855719
3.2731270882283616,5.0717899009940455,4.94938,5.010584910976759,-1.7986628127656838,-1.676252832731111,-1.737457822748397
5.332531595840656,5.110495496602437,4.9231014,5.016798460886667,0.22203609923821954,0.40943017066975784,0.31573313495398914
3.281054432555693,4.905709127567065,5.011219,4.958464076112634,-1.624654695011372,-1.73016459210251,-1.6774096435569406
3.5392318058093877,4.794469605452598,4.979256,4.886862879279644,-1.25523779964321,-1.4400243472973018,-1.347631073470256
6.352223790800204,5.081296094862615,5.058853,5.070074622138339,1.2709276959375897,1.2933706413861419,1.2821491686618653
5.205105157793554,4.9089838244822825,5.0213633,4.9651735414220495,0.29612133331127133,0.18374189943173747,0.2399316163715044
4.2437927264163,5.188965675510708,5.0464687,5.11771720512596,-0.9451729490944087,-0.8026760083249114,-0.8739244787096601
6.638956136200356,4.95116243986717,5.0448265,4.997994473717765,1.6877936963331859,1.5941296286319968,1.6409616624825913
5.86746667159626,4.931396736059095,4.959776,4.9455863303708565,0.9360699355371649,0.9076907469136426,0.9218803412254033
5.5273006397062545,5.0267835797086455,5.052991,5.039887246549879,0.500517059997609,0.47430972631514123,0.4874133931563751
5.667572350135004,4.747132221725728,4.9720926,4.859612425102366,0.9204401284092762,0.6954797216560005,0.8079599250326384
5.085063295558273,5.025186696283893,5.0657454,5.0454660249913115,0.059876599274379494,0.019317941859542387,0.039597270566961384
6.799566942800267,5.07850519856535,5.00373,5.041117509408407,1.721061744234917,1.795837122548802,1.7584494333918599
6.758144661878916,5.027304778483847,4.9778996,5.002602164937724,1.7308398833950687,1.7802451104873143,1.7555424969411915
3.4547489290364766,5.015944801863273,5.06591,5.040927332190792,-1.5611958728267963,-1.611160933481834,-1.5861784031543156
4.474017314034147,4.920571610631628,5.005864,4.963217877001605,-0.4465542965974807,-0.531846829337435,-0.48920056296745784
5.698980582143252,5.154649346579362,4.9703474,5.062498375529671,0.5443312355638907,0.728633177663272,0.6364822066135813
5.1573014613109995,5.17048679520826,5.000609,5.085547858129642,-0.013185333897260065,0.15669254025997414,0.07175360318135748
3.6654146159914673,5.037539807964589,5.0240545,5.030797167623652,-1.3721251919731219,-1.3586399112912475,-1.3653825516321842
3.7214911097107954,4.812449061099454,4.976384,4.894416612001143,-1.090957951388659,-1.2548930531920366,-1.1729255022903473
4.381174954514666,4.760081753862884,4.9594035,4.859742634362473,-0.3789067993482176,-0.5782285603473944,-0.47856767984780646
3.2839505914778955,5.305322276599404,5.1956635,5.250492864373921,-2.0213716851215087,-1.911712860670542,-1.9665422728960258
6.169584946270049,4.892110152446153,4.9722776,4.93219389687127,1.2774747938238962,1.1973073049736627,1.237391049398779
3.3988171354783727,5.119975609051039,5.023712,5.071843883627082,-1.7211584735726664,-1.6248950227247523,-1.6730267481487093
6.72274880944083,4.920485259921594,4.981224,4.950854659990094,1.8022635495192363,1.7415247493822363,1.7718941494507359
6.093414641152238,5.005237733605602,5.043529,5.024383383633245,1.0881769075466359,1.0498856074913494,1.0690312575189926
4.907079764115679,4.513796564768085,4.9534216,4.733609078740244,0.3932831993475938,-0.046341828596723644,0.17347068537543464
3.5675858369106836,5.010566202302296,5.0109067,5.010736449310938,-1.442980365391612,-1.4433208594088964,-1.4431506124002547
3.1411980040755103,4.877238704608877,4.975172,4.926205373727779,-1.736040700533367,-1.8339740387711694,-1.7850073696522686
6.8766245955035465,4.97939147344305,5.0604,5.019895741299162,1.8972331220604968,1.816224586348273,1.856728854204385
5.498524649635751,5.016609584842475,5.0644393,5.040524440782443,0.4819150647932764,0.43408535291333905,0.45800020885330817
6.444822437619408,5.192709968962303,5.0234632,5.108086609084423,1.2521124686571046,1.4213591884128647,1.3367358285349846
5.30310828283727,4.907936314936028,5.0079117,4.957923998532467,0.3951719679012422,0.29519660070836373,0.3451842843048034
5.324769409507411,5.403430886381009,4.9769764,5.190203640517165,-0.07866147687359781,0.34779301485409064,0.13456576899024597
6.84848823489373,5.0466043156869205,5.015209,5.030906756842484,1.8018839192068095,1.833279036895683,1.8175814780512463
4.492145337795315,5.160101152128373,4.9806356,5.070368397566872,-0.667955814333058,-0.488490305210056,-0.578223059771557
6.05242977971268,5.007657679321314,4.9816165,4.994637088180554,1.0447721003913664,1.0708132826728853,1.0577926915321259
3.262707936331101,4.9240090366509195,4.95541,4.939709520156514,-1.6613011003198186,-1.6927020673310085,-1.677001583825413
4.171858170108623,4.937618732201233,5.00597,4.971794366710968,-0.76576056209261,-0.8341118311120805,-0.7999361966023457
3.729822594032363,4.946301811652019,5.015499,4.980900463321127,-1.2164792176196566,-1.2856765209578715,-1.2510778692887645
5.765761905148188,4.999413310324835,5.002824,5.001118569987857,0.766348594823353,0.762938075497309,0.764643335160331
5.340517563277322,5.05853687671174,5.0271664,5.042851621644444,0.28198068656558206,0.3133511967001734,0.29766594163287774
6.696534994315279,5.024293354161151,5.050786,5.037539686266367,1.6722416401541276,1.6457489759436967,1.6589953080489117
4.988882814487086,4.988430967977003,5.0382624,5.013346667612769,0.0004518465100833424,-0.04937955276144912,-0.02446385312568289
5.983244887827869,4.999031381106116,5.059622,5.029326596009601,0.984213506721753,0.9236230769147831,0.953918291818268
5.1287041086893055,4.763457727244935,4.928919,4.846188282872956,0.36524638144437027,0.19978527018832892,0.2825158258163496
6.115554700413352,5.0340132927063035,5.0197997,5.026906501013186,1.0815414077070482,1.0957549910932833,1.0886481994001658
6.160989861614339,4.838942513719301,4.96812,4.903531305916657,1.3220473478950376,1.1928697635003251,1.2574585556976814
5.796378873494551,4.984350157204853,5.0457287,5.015039420338266,0.8120287162896984,0.7506501900228715,0.781339453156285
5.977296525651382,5.068694694111093,4.9830894,5.025892070566289,0.9086018315402891,0.9942070786298975,0.9514044550850933
6.978088057742375,4.582869119863105,5.007394,4.795131478419101,2.39521893787927,1.9706942207672773,2.1829565793232737
4.084345452491326,4.985751496468657,4.9746695,4.980210476475295,-0.9014060439773308,-0.8903240039906075,-0.8958650239839692
4.399489376994716,5.1582951817804235,4.966367,5.062330974831863,-0.7588058047857071,-0.5668773908885845,-0.6628415978371462
4.1614803652977095,5.026430225920035,5.0217485,5.024089384352839,-0.8649498606223256,-0.860268177487935,-0.8626090190551299
5.47405788601554,5.166289633250364,5.0520773,5.1091834633231805,0.30776825276517616,0.4219805926195441,0.3648744226923597
5.142109419013997,4.931756789065552,5.0220904,4.976923612046814,0.21035262994844572,0.12001898398592115,0.165185806967183
6.7359244194951495,4.434220106843235,4.8976383,4.665929213883043,2.301704312651914,1.838286098572298,2.0699952056121065
6.922542426339989,4.492511455803023,5.0210285,4.75676998723989,2.430030970536966,1.9015139076632313,2.165772439100099
4.860245255862834,4.937847707963577,4.9877834,4.962815569985207,-0.07760245210074324,-0.12753817614400198,-0.10257031412237261
6.867880152324482,4.961414927374984,5.006456,4.983935412829949,1.906465224949498,1.8614242540395702,1.8839447394945337
5.983312003568161,4.965324976928848,5.0264893,4.995907117370674,1.0179870266393127,0.9568227457556606,0.9874048861974867
5.45578311273529,5.031267371036278,5.0274076,5.029337508607739,0.42451574169901196,0.4283754665560906,0.42644560412755084
6.717847456279825,4.78112552845165,4.9769597,4.8790426169022165,1.9367219278281755,1.7408877509270422,1.8388048393776089
6.809240335129426,4.924202791798745,5.0131717,4.968687232309895,1.8850375433306814,1.7960686623083815,1.8405531028195314
5.785393680479444,5.117883212291365,5.040245,5.079064134221854,0.6675104681880795,0.7451486243271006,0.7063295462575905
5.096217856521145,4.478326929360883,4.97478,4.72655350603176,0.6178909271602615,0.12143777381850818,0.3696643504893853
6.471794020521125,4.916136542377486,4.9604907,4.938313622980125,1.5556574781436394,1.5113033169383616,1.533480397541
6.792062185614629,5.085308136728193,5.0091896,5.047248871220542,1.7067540488864363,1.7828725799017384,1.7448133143940874
6.568390045749129,4.992890984851639,4.998306,4.995598391214272,1.5754990608974895,1.5700842481722246,1.572791654534857
6.229775373626273,4.945535238927723,4.9833183,4.964426783892573,1.2842401346985497,1.2464570447688512,1.2653485897337005
3.667238602279596,5.329975987754417,5.0488815,5.1894287592580675,-1.6627373854748209,-1.3816429284821226,-1.5221901569784713
3.6472955249557657,4.989755719529046,4.9861736,4.9879646746448945,-1.3424601945732801,-1.3388781048049765,-1.3406691496891288
3.031324787947162,4.951949173143039,4.996294,4.974121597374742,-1.9206243851958775,-1.9649692336592834,-1.94279680942758
3.796245754712251,5.027075009870931,5.044937,5.036006071829997,-1.23082925515868,-1.2486913790768117,-1.2397603171177458
4.424040394960487,5.186437598636116,4.946089,5.0662631947648356,-0.7623972036756292,-0.5220483959330675,-0.6422227998043484
3.38710695930516,4.906877324639427,5.0412736,4.974075459271008,-1.5197703653342671,-1.654166634597428,-1.586968499965848
5.073474303455717,5.191293874125817,4.965149,5.0782213999535335,-0.1178195706701004,0.1083253776744666,-0.004747096497816905
4.070717902790717,4.9499628719918745,4.985675,4.9678188650425685,-0.8792449692011575,-0.9149569553025447,-0.8971009622518515
6.26410847894865,4.910345979016379,4.983159,4.94675252213148,1.3537624999322713,1.2809494137020678,1.3173559568171695
6.732918314302788,5.020899431584805,4.986361,5.003630229174361,1.7120188827179827,1.746557287538872,1.7292880851284274
3.3105686841956103,5.039029035632727,5.0637145,5.051371769937335,-1.7284603514371168,-1.753145820046333,-1.7408030857417245
3.0588894248943834,5.061812539273035,5.050281,5.05604679354704,-2.0029231143786514,-1.9913916229266615,-1.9971573686526565
6.180814318876391,5.151121434963183,4.98915,5.070135741132715,1.0296928839132082,1.1916642715741448,1.110678577743676
3.7566746214185436,5.24613940276474,5.034269,5.140204129406662,-1.4894647813461965,-1.2775942346300404,-1.3835295079881185
4.58433476901574,5.128513143279272,5.0344944,5.0815037716518425,-0.5441783742635318,-0.45015963100867395,-0.4971690026361024
5.328657300807068,5.04190059048235,5.0376787,5.039789654524622,0.2867567103247177,0.29097858224017337,0.288867646282446
5.679279860384589,4.774832998748574,4.9624386,4.8686357910612985,0.9044468616360151,0.7168412770105652,0.8106440693232901
4.73947698793733,4.958317993778591,5.02021,4.989263891527357,-0.2188410058412611,-0.2807328013387931,-0.2497869035900271
6.487911068204031,4.955921704382317,5.017935,4.986928251788326,1.5319893638217144,1.4699762690096954,1.5009828164157053
6.745264473887286,4.900830030767633,5.0224295,4.961629748507596,1.8444344431196527,1.722835007639727,1.7836347253796898
3.2192470463074763,5.075806113395839,5.0304346,5.053120360927656,-1.8565590670883632,-1.8111875621519964,-1.8338733146201793
5.753577554552887,5.047106328740444,4.970582,5.00884416855113,0.706471225812443,0.7829955461910707,0.7447333860017569
4.119540973574823,4.861313292484653,5.0024724,4.931892846574968,-0.7417723189098302,-0.88293142709046,-0.8123518730001447
5.063306692106673,5.0773738241508335,5.047021,5.062197368160621,-0.014067132044160324,0.016285779936263012,0.0011093239460517879
6.9174750465877635,4.870157918101208,4.989021,4.929589371266791,2.0473171284865552,1.9284542221553904,1.9878856753209728
6.242709284446031,5.041796654105676,5.048112,5.0449542848470275,1.2009126303403548,1.1945973688576519,1.1977549995990033
5.607333537267599,5.032614681057367,5.0622134,5.047414050962644,0.5747188562102323,0.5451201163996791,0.5599194863049552
3.2673075329100825,4.759374307398662,4.909189,4.834281765820913,-1.4920667744885798,-1.6418816913330816,-1.5669742329108307
4.662117163068942,4.9192832138579226,4.996813,4.958048017146247,-0.2571660507889808,-0.33469565736562856,-0.2959308540773051
5.196537383155518,4.9373313937566135,4.9786673,4.957999326486461,0.2592059893989047,0.21787012393920957,0.23853805666905714
6.7518150910296955,4.971899998760644,5.0233746,4.997637278127881,1.7799150922690519,1.7284405335345783,1.7541778129018146
3.052132937465215,4.71647722512228,4.9847918,4.850634490399274,-1.664344287657065,-1.9326588182110545,-1.7985015529340593
4.045320073794507,5.15637978516476,4.9801197,5.068249745182477,-1.1110597113702534,-0.9347996314056886,-1.0229296713879705
4.6255817215916455,5.012300427026657,4.9709005,4.991600481305077,-0.38671870543501186,-0.3453188139918506,-0.36601875971343123
6.135909714719457,4.811197392875537,4.9486094,4.879903372493677,1.3247123218439194,1.1873003626076404,1.2560063422257794
4.996488117348299,5.105071009415252,5.03561,5.07034060419493,-0.10858289206695293,-0.039122081626310035,-0.07385248684663104
3.0754861871823294,5.017563873567779,4.9301844,4.973874118943313,-1.9420776863854496,-1.8546981771365183,-1.898387931760984
3.497516380891654,4.8803825817062405,5.0607214,4.970551989553071,-1.3828662008145867,-1.5632050165082485,-1.4730356086614171
4.474788199961333,4.915968904260396,4.970999,4.943483834149241,-0.44118070429906275,-0.4962105640767529,-0.46869563418790783
3.0196527149641414,5.065989033739651,5.036873,5.051430948754591,-2.0463363187755097,-2.01722014880539,-2.0317782337904498
3.9855026274057024,5.23171106874938,4.944104,5.087907631695247,-1.2462084413436778,-0.9586015672354109,-1.1024050042895444
5.441111420125958,4.901095088101316,5.0624423,4.981768695402587,0.540016332024642,0.37866911742210085,0.45934272472337145
6.663801601489468,4.445237477904084,4.9828515,4.714044491591812,2.2185641235853844,1.6809500962099273,1.9497571098976563
5.526766622945327,4.979917538311171,5.064583,5.022250181509101,0.5468490846341556,0.4621837982382955,0.504516441436226
5.424762930224651,4.960277893166188,5.037834,4.999056030323328,0.46448503705846367,0.38692876274418264,0.42570689990132315
3.3891931693219415,5.04254168018607,5.063999,5.05327042810573,-1.6533485108641286,-1.6748060067034491,-1.6640772587837884
3.576192458267589,4.9859687965710355,5.0367427,5.011355741898189,-1.4097763383034465,-1.4605502289577528,-1.4351632836306
6.970329121768743,4.977307522208993,5.026414,5.001860719875248,1.99302159955975,1.9439152042272392,1.968468401893495
4.943122305522797,4.997311841154899,4.9725256,4.984918718886776,-0.05418953563210227,-0.029403291095855266,-0.04179641336397921
3.0226422713325616,5.010726219904717,5.0468903,5.02880823934689,-1.988083948572155,-2.024247987456501,-2.006165968014328
4.585275563357097,4.882751225221589,5.0178013,4.950276255005814,-0.2974756618644916,-0.4325257214329419,-0.3650006916487172
3.374981754800345,4.844897691984572,5.0477495,4.946323605666358,-1.4699159371842274,-1.6727677645477996,-1.5713418508660135
3.1229240814228767,4.835662481153243,4.918421,4.87704163638961,-1.712738399730366,-1.7954967102030999,-1.754117554966733
6.941177151216108,5.178361899662343,4.9809093,5.079635623598261,1.7628152515537652,1.960267803681928,1.861541527617847
4.185944795570525,5.0555296416598585,5.053075,5.054302239195408,-0.8695848460893334,-0.8671300411604319,-0.8683574436248831
6.595003290375459,4.962694958087359,5.037215,4.9999550954682395,1.6323083322881002,1.5577880575263379,1.5950481949072195
6.80081162835457,4.916512957719659,5.0388947,4.977703805519986,1.8842986706349105,1.7619169750342571,1.8231078228345838
6.5125973724777175,4.7982133913451,4.959246,4.878729774972477,1.7143839811326176,1.553351213877864,1.6338675975052404
4.038143561755026,5.366770332497578,5.0311346,5.198952468952646,-1.3286267707425514,-0.9929910436526885,-1.1608089071976195
6.525680803263372,4.986660253049264,5.0306883,5.00867426943845,1.5390205502141079,1.494992517435735,1.5170065338249215
5.093130280937133,4.833920621301711,4.974618,4.9042692896852795,0.2592096596354212,0.11851232286828495,0.18886099125185307
5.140515646414831,5.449256734688121,5.264462,5.356859364429631,-0.3087410882732904,-0.12394634775631186,-0.21634371801480068
3.141678191421025,4.910319716792604,5.0391073,4.974713519742737,-1.7686415253715793,-1.897429131271846,-1.8330353283217122
6.097774522990626,5.047483720221885,5.0295143,5.038499016483013,1.0502908027687408,1.0682602102464855,1.0592755065076132
5.464168498617949,4.935288929745856,5.025286,4.980287563704104,0.5288795688720924,0.4388823009555951,0.4838809349138442
6.225219513767193,5.132984671194716,5.0396934,5.0863390133775095,1.092234842572477,1.1855261582068906,1.1388805003896838
5.274057968646783,5.09500656343596,4.967367,5.031186867838585,0.1790514052108234,0.3066907964055723,0.2428711008081983
4.277743161554225,5.068494138835261,5.0479918,5.058242945729886,-0.7907509772810357,-0.7702485910702865,-0.7804997841756611
4.190756547571185,5.041796186766062,4.9703293,5.006062735717015,-0.8510396391948767,-0.7795727370967835,-0.8153061881458301
3.8460513909283613,5.095775653120176,5.06091,5.0783429390173636,-1.249724262191815,-1.2148588339861894,-1.2322915480890022
6.264544312567882,5.386633165412933,4.982213,5.18442309286882,0.8779111471549488,1.2823312922431747,1.0801212196990617
5.556569007196227,5.0412296005878705,4.9353056,4.98826759799291,0.5153394066083568,0.621263411798278,0.5683014092033174
5.559403147047534,4.879388034437354,5.033418,4.956403106497852,0.6800151126101799,0.5259849684891842,0.6030000405496816
3.5191962484738837,5.013154173938571,4.990535,5.001844478174119,-1.4939579254646875,-1.4713385339357843,-1.4826482297002355
4.528223563108301,5.217678732202589,4.9584923,5.088085505627662,-0.6894551690942876,-0.4302687159444334,-0.5598619425193609
5.767281458391277,4.929771481862687,4.9860744,4.957922964747262,0.8375099765285894,0.7812070107594407,0.809358493644015
5.403671565421585,4.905573285098538,4.9709597,4.938266474244825,0.49809828032304715,0.43271190203047194,0.46540509117676
3.2301390803020897,5.145769734510538,4.9800034,5.0628865457220655,-1.9156306542084485,-1.749864276631504,-1.8327474654199758
3.12082559496721,4.887391933120299,4.9792705,4.933331195670867,-1.7665663381530892,-1.8584448632542254,-1.8125056007036568
3.083321129352507,4.949465475911756,4.9922247,4.970845084605048,-1.866144346559249,-1.9089035639458327,-1.887523955252541
4.441583656187911,4.932432879415968,4.9869556,4.959694261058082,-0.49084922322805724,-0.5453719865122846,-0.5181106048701709
4.735053805302434,4.678901566715107,4.925954,4.802427715883188,0.05615223858732765,-0.19090005974883528,-0.06737391058075382
6.465938382261671,4.824451914320119,4.9956293,4.910040612464014,1.6414864679415517,1.4703090716537606,1.5558977697976566
6.464182138359837,4.8809680446311665,5.031148,4.956058000739656,1.58321409372867,1.433034181511692,1.5081241376201806
6.511392587351699,4.95899638377495,4.9258466,4.942421480232811,1.5523962035767491,1.5855460106610249,1.5689711071188874
4.289790239421679,5.023086399017113,4.977023,5.000054761855969,-0.7332961595954339,-0.6872328852731453,-0.7102645224342901
6.7433330159983935,4.920146458402573,4.9834843,4.951815363295525,1.8231865575958208,1.759848747809917,1.7915176527028684
6.517576312134985,5.00110336502335,5.0152617,5.0081825075544,1.5164729471116347,1.5023146620495353,1.5093938045805846
5.422836040739794,4.7721457171785975,4.9691525,4.8706490838700605,0.6506903235611965,0.45368359017827053,0.5521869568697335
3.735808762333315,4.989522889073212,5.0028048,4.996163822618882,-1.2537141267398972,-1.2669959938312356,-1.2603550602855664
3.6509958001650316,5.102909584900962,5.063608,5.083258877228313,-1.4519137847359302,-1.4126123693906325,-1.4322630770632814
6.303343833367969,5.345471714266982,5.0325823,5.1890269986435005,0.9578721191009869,1.2707615503479497,1.1143168347244687
6.2082982743556325,5.066071222841814,5.01511,5.040590619355477,1.1422270515138182,1.193188258486492,1.1677076550001555
6.867943248627517,5.068815088458576,5.048867,5.0588411570527745,1.7991281601689408,1.8190760229805445,1.8091020915747427
4.423745749393397,5.1071901666845045,5.0483,5.077744978056607,-0.6834444172911072,-0.6245540400353136,-0.6539992286632099
4.813806083059832,5.178295079538932,5.0328155,5.1055552679646565,-0.3644889964790998,-0.21900937333054848,-0.29174918490482415
6.967239289568889,4.909176715270119,4.971173,4.940174762435475,2.05806257429877,1.996066479968059,2.0270645271334145
5.84250849299117,5.1693582829029046,5.050356,5.109857097078894,0.6731502100882656,0.7921525817362873,0.732651395912276
3.276070364386461,5.004179631674944,4.9478564,4.976018028956979,-1.7281092672884832,-1.6717860618525529,-1.699947664570518
4.46894115764405,5.06880976805593,5.055527,5.062168489145763,-0.59986861041188,-0.5865860525915458,-0.5932273315017129
6.217429733510199,5.582365211067788,4.964037,5.273201076298054,0.635064522442411,1.253392791981879,0.944228657212145
3.2941805258324597,4.935176990548996,4.9980497,4.966613363285973,-1.6409964647165363,-1.7038692101904895,-1.672432837453513
4.595362017909396,5.26077237223934,5.0340347,5.147403550621624,-0.6654103543299437,-0.4386727110945099,-0.5520415327122272
5.13535917890885,5.0171795757288,4.969351,4.993265195274068,0.1181796031800495,0.1660083640895138,0.14209398363478165
3.355281956643233,4.883721700773207,4.988882,4.936301882796272,-1.5284397441299742,-1.6336001081761031,-1.581019926153039
5.002143616841689,5.052575603103012,5.0513606,5.051968105125114,-0.05043198626132295,-0.04921699030552773,-0.04982448828342534
4.13218155086278,4.9001594183305475,4.980198,4.940178662412344,-0.7679778674677671,-0.8480163556313602,-0.8079971115495637
5.35610950578556,5.057744489866502,4.9224367,4.990090602019432,0.2983650159190585,0.43367279161319683,0.3660189037661281
3.134803748584237,5.032755320591129,5.0378933,5.035324307939607,-1.8979515720068916,-1.9030895467038489,-1.9005205593553702
6.4368583748388986,5.059513123061215,5.0184646,5.0389888441691575,1.3773452517776832,1.418393809561799,1.397869530669741
5.995458632396488,4.844439500204568,4.973974,4.909206864054921,1.1510191321919203,1.0214844044912148,1.0862517683415671
6.301697027076386,4.977764032082301,5.03776,5.007761906483045,1.3239329949940855,1.2639372461925973,1.293935120593341
3.2813622686787762,4.979238426740454,4.959998,4.969618278769397,-1.697876158061678,-1.6786358621195636,-1.6882560100906212
6.7409594140194535,4.956807987636897,4.969203,4.963005491468595,1.7841514263825564,1.7717564187191606,1.777953922550859
3.6548091099899076,4.8815417426333525,5.0177736,4.949657685434108,-1.226732632643445,-1.3629645182449557,-1.2948485754442003
6.00630690885005,4.9472445102460405,4.9698753,4.9585599229697,1.0590623986040093,1.0364315731566904,1.0477469858803499
4.971178796904601,4.910168416414115,5.0215526,4.96586048956387,0.061010380490485794,-0.050373765809021975,0.005318307340731465
6.652668486479234,5.083721061428307,5.038365,5.061042974332928,1.5689474250509274,1.6143035992416852,1.5916255121463063
3.1660091952478173,5.017825346784556,5.0622106,5.040017953314763,-1.8518161515367386,-1.8962013645971534,-1.8740087580669456
3.7454384307358493,5.176263045088873,4.972584,5.074423407920413,-1.4308246143530234,-1.2271453400161039,-1.328984977184564
5.8902555925685665,5.007272978968345,5.052867,5.030069957349163,0.8829826136002215,0.837388656838586,0.8601856352194037
6.221780479477118,5.1415464038874585,4.9931903,5.06736834621558,1.0802340755896598,1.2285901909334171,1.1544121332615385
3.729224921676041,4.98235842506291,4.987806,4.98508213420809,-1.2531335033868687,-1.2585809216772303,-1.255857212532049
3.635165990873522,5.1505833763336515,5.0293074,5.089945370875566,-1.5154173854601294,-1.3941413745439584,-1.4547793800020439
4.961505778763129,4.990662510509278,4.9987116,4.9946870482539065,-0.029156731746148523,-0.037205807235405786,-0.033181269490777154
6.652860530013222,4.891603300225634,5.0374155,4.9645094023406,1.7612572297875886,1.6154450255576558,1.6883511276726226
5.586855612544891,4.978835853593769,5.055069,5.016952411660165,0.608019758951122,0.5317866428183287,0.5699032008847258
5.938146898203751,5.0265374484918945,5.036706,5.031621709628027,0.9116094497118565,0.9014409274395909,0.9065251885757242
4.728036291333419,4.900370524752816,4.9713373,4.935853921586613,-0.1723342334193969,-0.24330102708699108,-0.207817630253194
3.133276613996621,5.062544259994632,5.0516467,5.057095484718385,-1.929267645998011,-1.9183700954455176,-1.9238188707217638
3.7481057975059837,5.084081809575704,4.973863,5.028972467211558,-1.33597601206972,-1.2257573273414284,-1.2808666697055742
5.644152307698027,4.8522147880901185,4.9800735,4.9161441200429845,0.7919375196079086,0.6640788557021775,0.7280081876550426
5.307521501826363,4.8560946854718345,4.989709,4.922901792961747,0.4514268163545285,0.3178126013747029,0.3846197088646157
4.903458996520314,4.974097324236329,5.0551376,5.014617479256836,-0.07063832771601497,-0.15167863775702983,-0.1111584827365224
6.6051434883854725,5.183738731549958,5.0425224,5.11313058098494,1.4214047568355141,1.5626210579655506,1.4920129074005324
4.337397362640404,4.973823884448243,5.054767,5.014295508126832,-0.6364265218078389,-0.7173697691650158,-0.6768981454864278
5.354099805964662,5.004799416068609,5.0292068,5.017003084422854,0.3493003898960527,0.32489305318756223,0.3370967215418075
3.805652238261631,4.7709332886302915,4.9744916,4.872712442426108,-0.9652810503686604,-1.1688393579602927,-1.067060204164477
5.201409949591682,5.017336786147641,5.0671453,5.042241066871428,0.18407316344404112,0.13426460199646684,0.15916888272025354
6.4729738059942115,5.016060517017512,5.0405936,5.028327070566251,1.4569132889766996,1.4323801818792212,1.4446467354279608
5.2361300387786445,4.80002070984328,5.0169077,4.908464200899424,0.43610932893536436,0.21922234682307806,0.32766583787922077
5.335102073894602,5.005728444197484,5.0036726,5.004700521994982,0.3293736296971179,0.3314294741021211,0.3304015518996195
6.745550090675511,4.828520859020501,4.968666,4.898593467840328,1.9170292316550102,1.776884014015355,1.846956622835183
4.302484428836701,4.983301991609264,5.0673466,5.02532428224262,-0.680817562772563,-0.7648621440392755,-0.7228398534059188
6.798296966910078,5.140331905881746,4.9700937,5.055212816496781,1.6579650610283316,1.8282032397982615,1.7430841504132966
5.604627336081611,4.863138392096042,5.035472,4.949305154147386,0.7414889439855692,0.5691554198828808,0.655322181934225
5.748217710426111,5.050245119484788,5.027865,5.039055026249352,0.6979725909413235,0.7203527774121952,0.7091626841767589
3.4926007292424783,4.920345296334818,5.0238895,4.972117418980398,-1.4277445670923399,-1.5312888123834982,-1.4795166897379195
6.201754087613158,4.991419172622094,4.9775667,4.984492945838635,1.2103349149910638,1.224187368557982,1.2172611417745225
5.421128033126355,5.284193009911943,4.9521947,5.1181938503081446,0.13693502321441198,0.4689333424220097,0.30293418281821083
5.459533653907881,5.073948742578424,4.9948006,5.034374655102688,0.38558491132945694,0.464733086280928,0.4251589988051929
4.1900676638428065,4.9887562645503,5.062441,5.025598568371342,-0.7986886007074938,-0.8723732083495763,-0.8355309045285351
5.902367397030303,5.068037482090936,4.969595,5.018816218767636,0.8343299149393664,0.9327724415859668,0.8835511782626666
4.975597033575999,4.9623834296784315,5.2253084,5.093845923976179,0.013213603897567872,-0.24971138469792642,-0.11824889040017972
4.0967755117589135,4.976913015284451,5.0002136,4.988563319165663,-0.8801375035255372,-0.9034381112879615,-0.8917878074067493
4.187656706627915,5.069900585024492,5.0436635,5.056782043381997,-0.8822438783965767,-0.8560067951115871,-0.8691253367540819
5.732260737949186,4.97863335712462,5.01902,4.998826718845513,0.7536273808245664,0.7132406573827801,0.7334340191036732
3.7966673160434423,4.839927235946208,4.9865623,4.913244743995443,-1.0432599199027655,-1.1898949360012354,-1.1165774279520004
6.563777980695994,5.108578309288166,4.9972763,5.052927307720255,1.4551996714078275,1.56650167454365,1.5108506729757387
3.4392744476910035,5.445664572674407,4.983885,5.214774692037887,-2.0063901249834037,-1.5446103637103636,-1.7755002443468832
5.419502489109496,5.082890254347602,5.041441,5.06216560904636,0.33661223476189317,0.3780615253643784,0.35733688006313535
3.2669580553307656,5.130180758795941,4.9193316,5.024756154697043,-1.8632227034651754,-1.652373495267379,-1.7577980993662772
6.35827187751261,4.93811999259216,4.97485,4.956485085178526,1.4201518849204504,1.3834216997477178,1.401786792334084
3.6215544801165613,5.118388084571187,5.011898,5.065143062671336,-1.4968336044546255,-1.390343560654923,-1.4435885825547743
4.621482673831517,4.961081059489708,5.0325437,4.996812359349956,-0.3395983856581912,-0.41106098537868796,-0.37532968551843915
5.217883239368234,4.587926763742482,4.897288,4.742607304677027,0.6299564756257521,0.3205953937566619,0.475275934691207
6.678946240020647,4.729233760945798,4.968461,4.848847398813963,1.949712479074849,1.7104852033385178,1.8300988412066834
3.5299294760773794,5.061235439659613,5.0605187,5.060877090633639,-1.5313059635822333,-1.5305892655302866,-1.5309476145562595
4.459519978791873,5.4637000565586815,4.979359,5.221529603245772,-1.0041800777668088,-0.5198391711409887,-0.7620096244538992
3.9593827904871657,5.000883949818208,5.010046,5.005464977533616,-1.0415011593310424,-1.0506632147618578,-1.04608218704645
4.595192717200375,5.3305167712526265,5.139003,5.234759785620209,-0.7353240540522519,-0.5438100827874184,-0.6395670684198347
6.589649865080016,5.161085425167041,5.0435762,5.102330832853296,1.428564439912975,1.5460736245404654,1.4873190322267202
3.0342858452372874,5.017911911338605,4.938785,4.978348493739981,-1.9836260661013179,-1.90449923090407,-1.9440626485026935
4.110527358912478,4.867206591785036,4.976904,4.922055253595154,-0.7566792328725578,-0.8663765564927957,-0.8115278946826763
3.4383117888571992,4.89977971083149,5.038834,4.9693069029163555,-1.461467921974291,-1.6005223061440215,-1.5309951140591562
5.1647656916347255,5.047437403857646,5.030446,5.038941728204458,0.11732828777707915,0.134319639083456,0.12582396343026758
5.506770266554113,5.016429845083354,4.987986,5.002207966441214,0.4903404214707594,0.5187841787550411,0.5045623001128998
6.131893393841086,4.667086442870096,4.9677606,4.817423502883413,1.4648069509709893,1.1641328309443573,1.3144698909576729
5.588050697910913,4.93991173692509,5.0097065,4.9748091170587365,0.6481389609858228,0.5783442007185302,0.6132415808521765
4.357801373531589,5.069695322726288,5.043783,5.056739255296249,-0.7118939491946987,-0.6859818143346219,-0.6989378817646603
4.645933534880813,4.507845356108991,4.995425,4.751635290206595,0.138088178771822,-0.3494916894233864,-0.10570175532578219
4.517027018299686,5.014360156699683,5.0650854,5.039722783885731,-0.4973331383999975,-0.5480583927720915,-0.5226957655860449
3.4753111844362117,5.121703552234429,5.045429,5.0835663909853785,-1.6463923677982173,-1.5701180453001164,-1.6082552065491669
3.207364137293374,4.908769501865704,4.9667435,4.937756485551993,-1.70140536457233,-1.7593793319449071,-1.7303923482586185
4.889613556222287,4.8257651460843345,4.9882355,4.9070003098585735,0.06384841013795217,-0.09862191741052584,-0.017386753636286834
6.756118590508221,5.001920737901729,4.996111,4.999015827019712,1.7541978526064916,1.7600076743705255,1.7571027634885086
6.486512650319899,5.206864360691951,5.103775,5.155319692553007,1.2796482896279473,1.3827376259058362,1.3311929577668913
3.017905597384058,5.009337207971248,4.9664736,4.987905393688993,-1.9914316105871896,-1.9485679820226802,-1.969999796304935
5.724105539027405,4.753979344344423,4.946506,4.8502426838757025,0.9701261946829813,0.7775995156204223,0.8738628551517023
3.478775771590784,5.042059003367461,5.055702,5.048880606420059,-1.5632832317766772,-1.5769264378818724,-1.5701048348292748
6.866877174340498,5.003527777658457,4.967914,4.985720941060063,1.8633493966820414,1.8989630698788282,1.8811562332804348
4.802040102058195,4.88401354756624,4.98203,4.933021731211099,-0.0819734455080452,-0.17998981279776238,-0.13098162915290423
5.271579332881087,4.9805361192268345,5.0341835,5.00735981071205,0.2910432136542527,0.23739583068382153,0.26421952216903755
4.1930730480286,4.784346891037598,4.9963093,4.890328085716552,-0.5912738430089979,-0.803236232366908,-0.6972550376879525
3.912322859938278,5.069269522665967,4.9595423,5.014405898570532,-1.1569466627276888,-1.0472194145368197,-1.1020830386322538
3.2468790432380215,5.032962896012957,5.0604863,5.046724606346933,-1.7860838527749352,-1.8136072734428867,-1.7998455631089114
5.963222458978959,5.046769248389086,5.0075703,5.02716975755636,0.9164532105898733,0.955652192255326,0.9360527014225992
6.977762921899336,4.845866029383665,4.9696155,4.9077407444129015,2.1318968925156705,2.008147462457197,2.0700221774864342
3.456672872722295,5.038893580516727,5.044346,5.041619718114809,-1.582220707794432,-1.5876729829905956,-1.5849468453925142
3.383012118199675,5.090790269385542,5.060544,5.075667141681296,-1.7077781511858667,-1.677531895777376,-1.6926550234816213
3.3138629136159454,4.757976644660012,4.9799166,4.868946608615406,-1.4441137310440664,-1.6660536589548554,-1.5550836949994609
4.813381628277606,5.05047683283939,5.066113,5.058294913993548,-0.23709520456178446,-0.25273136687009945,-0.24491328571594195
4.162835616475395,5.046172938645758,5.007224,5.026698510796267,-0.8833373221703633,-0.8443884664713828,-0.8638628943208726
4.71779214563276,4.983422482869201,4.987152,4.985287291239288,-0.26563033723644036,-0.2693599539766147,-0.267495145606528
4.951023411767077,5.081419708885157,5.0463967,5.06390822060774,-0.13039629711808054,-0.09537332056324566,-0.1128848088406631
5.529477764044142,4.912930643758333,4.979594,4.946262437205094,0.6165471202858086,0.5498835333922862,0.5832153268390474
4.03178272466579,5.036843545479286,5.0188026,5.027823094150776,-1.0050608208134957,-0.9870199181564754,-0.9960403694849855
6.310040906181304,5.081465606877931,5.028287,5.054876270388428,1.2285752993033734,1.2817539722823783,1.2551646357928758
6.608277839773229,4.735384952100278,4.978593,4.856988912359954,1.8728928876729505,1.6296849671536,1.7512889274132748
6.682936194436159,4.833890510480593,5.024712,4.929301298102235,1.8490456839555662,1.6582241087122824,1.7536348963339243
4.943703567389656,5.014254168154309,5.0606356,5.037444867432868,-0.07055060076465303,-0.11693199932176945,-0.09374130004321124
5.061943929582382,5.11806125581497,4.960397,5.039229011238784,-0.05611732623258803,0.10154716291978438,0.02271491834359818
4.063196896536864,5.130073313444487,5.033763,5.081918122634109,-1.0668764169076228,-0.9705660352868666,-1.0187212260972451
3.474616643391369,4.924855689659439,4.982255,4.9535553358270334,-1.4502390462680697,-1.5076383386032597,-1.4789386924356642
4.1988182661197015,4.868411237578032,5.059372,4.96389159291011,-0.6695929714583304,-0.860553682122486,-0.7650733267904082
4.741573895588601,5.022669813125897,4.927569,4.975119362816001,-0.28109591753729557,-0.1859950169175022,-0.23354546722739933
6.8853064079235144,5.026996943037312,4.977502,5.0022494061194855,1.8583094648862026,1.9078045387218543,1.883057001804029
4.999845677871662,4.9635780230172095,4.9871573,4.975367683917662,0.03626765485445205,0.01268833305354633,0.02447799395399919
5.415607731495927,5.1009877304697655,5.0226817,5.061834721787006,0.31462000102616106,0.3929260183916785,0.3537730097089202
3.725542739384495,4.954933995759092,5.0222673,4.988600668686431,-1.2293912563745968,-1.2967246022292747,-1.2630579293019357
6.334798796014346,4.834292206497658,4.9687867,4.90153946147942,1.5005065895166885,1.3660120795531645,1.4332593345349265
6.305918536382666,4.969004374870787,5.0528855,5.010944953624969,1.3369141615118796,1.253033004003516,1.2949735827576978
4.393096477694794,5.026521634848083,5.0130873,5.0198044537460635,-0.6334251571532894,-0.6199907949492491,-0.6267079760512697
5.416352805692626,5.0126552213116815,4.985816,4.999235611601886,0.4036975843809447,0.4305368038005364,0.4171171940907401
5.927660062295285,4.953559513552099,5.038329,4.995944319001391,0.974100548743186,0.8893309378446013,0.9317157432938936
